Producto;Precio;PrincipioActivo
3-Gel Suspensión Oral;1.6;
Abrilar EA 575 Jarabe Sabor a Mentol – Frasco 100 ML;21.8;Hederahelix 35 Mg
Aceite de Almendras Alkofarma – Frasco 30 ML;1.3;No encontrado
Aceite de Ricino Portugal – Frasco 30 ML;2;No encontrado
Aceite Rosado Alkofarma – Frasco 30 ML;2.6;No encontrado
Aci-Tip 800 Mg-40Mg Comprimidos Masticables;4;Magaldrato | Simeticona
Ácido Bórico en polvo – Caja 50 G;2.5;No encontrado
Acnebiot 100 Mg Tabletas Recubiertas;67.9;Minociclina clorhidrato 100mg
Acrylarm 0,2% Gel Oftálmico – Tubo 10 G;41.9;Ácido Poliacrílico 0,2%
Aftotex Solución Spray – Frasco 30 ML;27.6;Acidosalicilico 1 G +Ruibarbo 10G
Agua de Florida – Frasco 70 ML;4.1;No encontrado
Agua de Kananga Alkofarma – Frasco 90 ML;3;No encontrado
Aldomet 250 Mg Tableta Recubierta;42.6;Metildopa 250 mg
Alergical Neo Jarabe – Frasco 60 ML;25;Clorfeniramina maleato 2mg|fenilefrina clorhidrato 5mg
Alergis Gel – Tubo 20 G;20.1;Isotipendilo
ALLERSTAT 180 Tabletas Recubiertas;50;
Alopurinol 100mg Tableta;10;Alopurinol 100mg
Amigdazol Plus Comprimidos;1.8;Benzocaína 5mg | Tirotricina 1mg
Amlodipino 10mg Tableta Genfar – Caja 10 UN;2.2;Amlodipino 10 mg
Amoxidal Plus 400-57mg/5mL Polvo para suspensión – Frasco 100 ML;60.8;Amoxicilina 400 Mg +Acidoclavulanico 57Mg
Anginovag Spray Bucal – Frasco 10 ML;57.4;glicirretínico 60mg| Decualinio Cloruro 100mg | Tirotricina 400mg | Acetato de Hidrocortisona 60mg | Clorhidrato de Lidocaína 100mg
Antidiarr 2mg Tableta;7.8;Loperamida 2mg
Apitena 5 5 mg Comprimido recubierto – Caja 30 UN;141;No encontrado
Apitena 5 5 mg Comprimido recubierto – Caja 30 UN;233.6;No encontrado
Apronax ® 550mg Tabletas Recubiertas x 4Un + Desenfriol® Comprimidos Recubiertos x 1Un;8.7;No encontrado
Aquasol 5% Emulsión – Tubo 60 G;36.8;PHANTENOL 5 %
Asinpramida 10 Mg Tabletas;7.7;Metoclopramida 10mg
Aspirina 100Mg Tabletas – Blister 10Un + 1Un;7.7;
Asteross en ocuvial 0.5% Solución oftálmica;71.7;Carmelosa sódica 5.0 mg
Atorslim 20mg Tableta;214;ATORVASTATINA
Atorvastatina 40 mg Tableta Recubierta;6;Atorvastatina 40mg
Aurovas 20mg Tableta Recubierta;140;
Axona 50mcg/dosis Suspensión Para Pulverización Nasal – Frasco 120 Dosis;75;Fluticasona 50 mcg
Azitromicina 500 Mg Tabletas;13;
Azufre Barra Camel – Blíster 2 UN;2.5;
Azufre en Barra Camel – Caja 6 UN;12;No encontrado
Bactricofarm 200mg-40mg/5ml Suspensión Oral – Frasco 60ml;12.5;Sulfametoxazol 200mg | Trimetoprima 40mg
Bactrim Balsámico Jarabe – Frasco 100 mL;21.2;Sulfametoxazol 200 Mg + Trimetoprima 4 Mg + Sulfaguayacol 50 Mg
Bart H 150-12.5mg Comprimido;118.2;
Bart H 300-25mg Comprimido;123.5;
Beclometasona 250mcg/dosis Aerosol para inhalación – Frasco 200 DOSIS;20;
Belarina 2mg / 0.02mg Tableta Recubierta – Caja 28 Un;66.9;Clormadinona 2 Mg +Etinilestradiol 0.02Mg
Betacort Depot 10mg/2mL Suspensión Inyectable – Ampolla 2 ML;42.2;No encontrado
Betametasona 0.05% Crema – Tubo 20 G;2.8;No encontrado
Bicarbonato De Sodio – Bolsa 100 G;2.5;No encontrado
Bicarbonato de Sodio en Polvo para Solución Oral – Pote 1000 G;18.6;No encontrado
Bicerto 150mg Comprimido de Liberación prolongada – Caja 10 Un;36;Ketoprofeno 150 Mg
Bidimefor 500 mg-5 mg Tabletas Recubiertas;73.9;
Bilaxten 20mg Comprimidos;82.6;Bilastina 20mg
Bio Electro Tableta Recubierta;10;Paracetamol 250mg, Acido Acetilsalicilico, Cafeína 65mg
Biogaia GTI Tableta Masticable – Caja 30 Un;127.5;
Biogaia Protectis Baby Gotas suspensión Oral – Frasco 5 ML;65.4;
Biogermin Solución oral gotas – Frasco 8ml;57.3;
Biopiel Panthenol Crema Tópica – Tubo 20G;19.9;DEXPANTENOL 5 GR , VITAMINA A 500 UI , VITAMINA E 1 GR
Biperideno 2 Mg Tableta IQF;2.6;Biperideno 2 mg
Bismosan 87,33 mg /5mL Suspensión Oral – Frasco 150 ml;11.5;Bismuto Subsalicilato 87,33 mg /5mL
Bismucar Fresa – Frasco 150 ml;13.1;
Bisolvon Para Niños 4mg/5ml Jarabe – Frasco 120 ML;23.5;Clorhidrato de Bromhexina 4mg
Bromuro de Ipratropio 20mcg Aerosol;21.5;Bromuro de Ipratropio 20 mc
Bronco Kids Jarabe – Frasco 250 mL;27.8;Propóleo + Miel de Abeja + Algarrobina + Ajo
Broncophar Plus NF Jarabe – Frasco 120 ML;18.2;No encontrado
Broncotrin Dilat Pediátrico Jarabe – Frasco 120 ML;16.9;No encontrado
Bronpax 7.5 Mg/ Ml Solución oral gotas – Frasco 20 ML;52;Ambroxol 7.5 Mg
Brosol Compuesto Solución – Frasco 120 ML;20.5;
Caditar 200mg Cápsula;41.7;Celecoxib 200 Mg
Caditar 400mg Cápsulas – Caja 10 Un;71;
Cafiaspirina Forte Tabletas;10.2;
Canesten 1% Crema antimicótica x 20g + Toallas Húmedas Bebecitos x 100 UN;24.4;
Cefaclor 250mg/5ml Polvo Para Suspensión Oral – Frasco 75 ML;25.4;
Cefaclor 500mg Cápsulas – Caja 10 UN;25.4;
Cefalexina 500MG Cápsulas;6.8;
Cefaloxime 250 Mg Suspensión Oral – Frasco 70 ML;46.4;Cefuroxima 250 mg
Cefasabal Tabletas;22.8;Sabalserrulata 12.5Mg + Aesculushippocastanum 62.5Mg + Solidagovirgaurea 37.5Mg
Cilostal 50 Mg Tabletas;135.9;Cilostazol 50 Mg
Ciprofloxacino 500mg Tableta;3.2;
Ciprogram 3% Gotas Oftálmicas – Frasco 2.5 mL;25;Ciprofloxacino 3mg
Clanza 100mg Tableta Recubierta;33.5;Aceclofenaco 100 mg
Clanza Cr 200mg Tableta Recubierta de Liberación Prolongada;49;Aceclofenaco 200 mg
Clarimed 250 Mg/5 Ml Polvo para Suspensión Oral – Frasco 100 ML;75;
Claritromicina 250mg/5ml Suspensión – Frasco 50 mL;16.6;
Claritrox 500 Mg Tableta;24;Claritromicina 500mg
Clavam Duo 875mg+125mg Comprimido recubierto – Caja 14 UN;83.2;
Clavumox 600 Polvo para suspensión – Frasco 100 mL;93;
Clindamicina 600mg/4mL Solución Inyectable;3.6;No encontrado
Clindamicina FMD 300mg Cápsulas;6.9;
Clindess 100mg Óvulos Vaginales;80.5;Clindamicina 100mg
Clinfol 100Mg Óvulo – Caja 3 UN;38.2;
Clinfol 100Mg Óvulo x 3 UN + Mycofentin 1000 Mg Cápsula Blanda Vaginal x 1 UN;72;
Clinomin NF Solución Inyectable – Caja 1 UN;23;
Clobuler 15mg/5ml Jarabe – Frasco 100ml;14.9;Ambroxol 15mg
Clopisobal 75mg Tabletas Recubiertas – Caja 30 Un;85.2;Clopidogrel 75mg
Clorelase Ungüento – Tubo 15 G;25.1;Neomicina 0.500g | Bacitracina Zinc 25 000 UI
Clorfedan 10mg/ml IM.IV Solución Inyectable;13.5;Clorfenamina 10 mg/mL
Clorfenamina maleato 10 mg/ml Solución Inyectable;2.5;Clorfenamina maleato 10 mg/mL
Clotipide 250 Mg Cápsulas;27.3;Acidoursodeoxicolico 250 Mg
Colicomecodan 10/500mg Tabletas Recubiertas;10;Hioscina N-butilbromuro 10mg , Paracetamol 500mg
Colmibe 20 Mmg /10 Mmg Comprimidos;179;Atorvastatina 20mg | Ezetimiba 10mg
Colufase 100mg/5ml Polvo para Suspensión – Frasco 30 ML;30;NITAZOXANIDA 100mg
Comtrex Antigripal Día (Sobre 5 Gr) – 3×2;6;
Comtrex Antigripal Noche (Sobre 5 Gr) – 3×2;6;
Consiv 18mg Comprimido recubierto – Caja 30 UN;156;
Consiv 36mg Comprimido recubierto – Caja 30 UN;250;
Consiv 54mg Comprimido recubierto – Caja 30 UN;330;
Corbis 5mg Comprimidos Recubiertos;16.7;Bisoprolol 5mg
Corentel 2.5mg Comprimido Recubierto;16.1;BISOPROLOL FUMARATO 2.5mg
Corifan Solución oral Gotas – Frasco 20 ML;20.7;Clorfenamina maleato 1mg
Corrilax Polvo para Solución Oral;5.3;Polietilenglicol3350 17 G
Cortidiephar 5MG/5ML Jarabe – Frasco 120 ML;19.5;
Cortiflex 0.025% Loción – Frasco 60 ML;26.8;Triamcinolona 0.025%
Cortiflex 40 Mg/Ml Suspensión Inyectable – Caja 1 UN;40.3;ACETATO DE TRIAMCINOLONA
Creon 25000/300mg Cápsula;240;
Daflon 1000mg Comprimido Recubierto;57.8;Fracción flavonoide purificada y micronizada 1000 mg
Daflon 500mg Comprimido Recubierto;35.2;Fracción flavonoide purificada y micronizada 500 mg Correspondiente a: Diosmina 90 % 450 mg Flavonoides expresados en Hesperidina 10 % 50 mg
Davintex 90mg Comprimidos Recubiertos;56.9;Etoricoxib 90mg
Decorten 0.5 mg/5 ml Elixir – Frasco 100 ML;21.4;Dexametasona 0.5 Mg
Decorten 2 mg/5mL Elixir – Frasco 100 ML;25.9;Dexametasona 2 Mg
Deflazacort 30mg Tableta;2.8;No encontrado
Deltapred 5Mg/5Ml Jarabe – Frasco 120 ML;23;Prednisona 1 Mg
Dencorub Extra Forte Ungüento Tópico – Pote 100 G;34.9;
Dequazol Oral 250 Mg/5Ml Suspensión Oral – Frasco 120 ML;41.8;Metronidazol 250mg
Desenfriol® Comprimidos Recubiertos;25;
Desloratadina 5 Mg Tabletas recubiertas;3;Desloratadina 5 Mg
Deslova 5mg Tableta Recubierta;75;Desloratadina 5mg
Destolab 5% Crema Tópica – Tubo 30 G;34.9;Permetrina 5%
Dexametasona 4 Mg Tabletas;2.6;Dexametasona 4 Mg
Dexilant 30mg Cápsulas de liberación retardada – Caja 14 UN;97.5;
Dexilant 60mg Cápsulas de Liberación Retardada – Caja 14 UN;144;
Dibrolax 5 mg Tabletas;10;Picosulfato de sodio 5mg
Diclodor 50mg Comprimidos Recubiertos;13;Diclofenaco 50mg
Diclofenaco 50 Mg Tabletas;1.2;Diclofenaco 50 Mg
Dicynone 500mg Cápsula;26.3;Etamsilato 500 Mg
Digestase 80mg Tableta Masticable;16.7;
Digestase 80mg Tableta Masticable;15;
Dinegal 10 mg Tabletas;53;Flunarizina 10mg
Diosmin H 450mg/50mg Comprimido Recubierto;144;Diosmina+Hesperidina
Dioxaflex 75mg/3mL Solución inyectable;10;DICLOFENACO 75 MG
Dioxaflex CB NF 50mg Cápsula Blanda;437;
Dipharelax 60mg Solución Inyectable – Caja 1 Un;12.9;Orfenadrina Citrato 60mg/2mL
Divina 0.15mg+0.03mg Tabletas Recubiertas – Caja 28 Un;10.7;Levonorgestrel 0.15mg | Etinilestradiol 0.03mg | Fumarato Ferroso 75mg
Dolo Complex Cápsula;22;Diclofenaco sódico 50 mgVitamina B1 (Tiamina Clorhidrato) 50 mgVitamina B6 (Piridoxina Clorhidrato) 50 mgVitamina B12 (Cianocobalamina) 0.25 mg
Dolo Neurobion 1% Gel – Tubo 30 G;21.9;
Dolo Neurobion NF Cápsulas;11.2;Tiamina clorhidrato (Vit B1), Piridoxina clorhidrato (Vit. B6), Cianocobalamina (Vit.B12), Diclofenaco sódico.
Dolo Tensodox 5mg/15mg Tableta Recubierta;56.8;Ciclobenzaprina 5 Mg + Meloxicam 15 Mg
Dolocordralan Extra Forte NF Cápsulas;13.2;
Doloral Forte 200 mg/ 5 mL Suspensión Oral – Frasco 60 mL;21.9;Ibuprofeno 200 mg
Dormidina 25mg Comprimido Recubierto – Caja 14 UN;31;Hidrogenosuccinato de Doxilamina 25mg
Duphaston 10mg Tableta Recubierta – Caja 20 Un;111.7;Didrogesterona 10mg
Efetamol 1G Gránulos Efervescentes – Caja 20 Un;27.4;Paracetamol 1g
Elixir Estomacal Solución – Frasco 30 ML;1.5;No encontrado
Enofibs 160mg Cápsula – Caja 20 Un;92.9;Fenofibrato 160mg
Enterogermina Plus 4000 millones (4 millardos)/5mL Suspensión Oral;9.8;ESPORASDEBACILLUSCLAUSII 40000 UI
Escitaspram 10mg Tableta Recubierta – Caja 20 UN;25;
ESOP-AC® Tabletas Recubiertas – Caja 14 Portablister;288;
Espironolactona 25mg Tabletas;6.3;Espironolactona 25 Mg
Etalpram 10mg Comprimido Recubierto – Caja 10 UN;93;
Etox 120mg Tableta Recubierta;42;Etoricoxib 120mg
Eugica Coff Herbal Caramelos;4.9;Jengibre + Canela + Eucaliptol + Mentol
Eutirox 75 Mcg Tabletas;24.3;Levotiroxina Sódica 75mcg
Evacuol F NF Solución Oral – Frasco 45 ML;66.6;No encontrado
Evacuol Plus Solución Rectal – Frasco 133 ML;34;
Evacuol Plus Solución Rectal – Frasco 266 ML;45.6;
Evigax Forte 250mg Cápsula blanda – Caja 30 Un;102;Simeticona 250mg
Ezentius 10 10 mg Comprimido Recubierto – Caja 30 UN;163.9;
Fanter 10mg Comprimido recubierto – Caja 30 UN;131;
Farma D 5000 UI Cápsulas – Frasco 30UN;80.7;No encontrado
Farma D Gotas 200UI Solución oral – Frasco 10ml;52.8;Cada 5 gotas contiene Vitamina D 1000 UI, Cada gota contiene 200 UI.
Fastum 2.5% Gel – Tubo 30 G;24.8;ketoprofeno 2.5 Mg
Fenazopiridina 100 Mg Tabletas;2.4;Fenazopiridina 100 Mg
Fexafex 180 MG Tableta – Caja 10 UN;39;Fexofenadina
Fexaller 30mg/5ml Suspensión Oral – Frasco 150 mL;48.5;Fexofenadina 30mg
Filinar 50mg/5ml Solución oral – Frasco 120 ML;34.3;Acefilinato de ambroxol 50mg
Flacort 6mg Tabletas;33.1;
Flavoxil 200mg Tabletas Recubiertas – Caja 20 Un;57.8;Flavoxato 200mg
Flogocox 90 90mg Comprimido Recubierto;79.3;
Floril Smart Gamer 0.05% Solución Oftálmica – Frasco 10 Ml;14.9;Tetrahidrozolina Clorhidrato 0.5 mg
Fluimexina 600 600mg Polvo para Solución Oral;2.7;Acetilcisteína 600mg
Fluimucil 100 mg/5ml Jarabe – Frasco 120 mL;34;Acetilcisteína 100 mg
Fluimucil Oral 100 mg Granulado para Solución Oral;1.9;Acetilcisteína 100mg
Flutepharm Plus 250mcg/25mcg Suspensión para Inhalación – Frasco 120 Dosis;95;Salmeterol / Fluticasona
Frutti Flex 50 Solución Oral Sabor Tutti Fruti – Frasco 1 L;7.3;Cloruro de Potasio 0.15g | Sacarosa 4g | Citrato de Sodio 0.29g | Cloruro de Sodio 0.12g
Frutti Flex Solución Oral Sabor Anís – Frasco 1 L;7.3;Citrato de Potasio 0.29g | Cloruro de Sodio 0.12g | Cloruro de Potasio 0.15g | Sacarosa 4g
Gabapentina 300mg Tableta;4.2;
Gasless Max 80mg Tabletas Masticables – Caja 10 UN;15;
Gaspan 40mg Comprimido recubierto gastrorresistente;65;Cada Comprimido Recubierto Gastrorresistente contiene 40 mg de pantoprazol (Como pantoprazol sódico sesquihidratado).
Gel Lubricante de Placer Durex Cerezas de Pasión – Frasco 50 G;21;No encontrado
Gel Lubricante Durex Naturals – Tubo 100 ML;42;
Gel Lubricante Íntimo Five – Tubo 120 ML;21;
Gel Lubricante Íntimo Five. Tubo 120 ML – 3×2;63;
Gel Lubricante Íntimo Lubri Click – Tubo 120G;18.9;Lubricante Genital
Gel Lubricante Love Sensitive Sachet;1.3;No encontrado
Gel NB Probióticos Suspensión Oral – Frasco 100 ML;27.2;
Ginacaba 2% Crema Vaginal – Tubo 20 G;30;Clotrimazol 2%
Ginofuran XR Cápsula de Liberación Prolongada – Caja 20 UN;17.5;
Gleminex 500mg-2.5mg Tableta Recubierta;48;METFORMINA CLORHIDRATO 500mg, GLIBENCLAMIDA 2.5mg
Glicerina Líquida – Frasco 60 ML;3.7;No encontrado
Glicerina Solución – Frasco 30 ML;2.5;No encontrado
Glimot 2mg Tableta;15.9;No encontrado
Gloranta caliente limon jengibre;2.4;
Glucen Duo 50mg + 1000mg Comprimidos;94;
Glucophage XR 1000mg Comprimido de Liberación Prolongada;85;Metformina Clorhidrato 1000mg
Gofen 400mg Cápsula Blanda;13;Ibuprofeno 400mg
Gomitas Gummix para Dormir Adulto – Frasco 90 UN;48.9;
Gravol 12.5 mg/mL Solución Oral Gotas – Frasco 10 ML;47.9;Dimenhidrinato 12.5 mg/ mL
Gravol 15 mg/ 5 mL Jarabe – Frasco 60 ML;52.5;Dimenhidrinato 15 mg
Gravol 50mg Tabletas;38;Dimenhidrato 50mg
Grifantil Jarabe. Frasco 60 ML – Duopack;53.6;
Grip-10 Comprimido Recubierto;5.6;
Gripacheck Cápsula Blanda;6.6;BROMHIDRATO DE DEXTROMETORFANO 10mg, CLORHIDRATO DE FENILEFRINA 5mg, PARACETAMOL 325mg
Gynocanesten 500 mg Tableta Vaginal – Caja 1 UN;48;No encontrado
Gynocanesten® 1% Crema Vaginal + Toallas Húmedas Bebecitos x 100 UN;51.1;
Hemopropin Ungüento – Tubo 20 G;32.5;
Hemorroginol Cápsula Blanda;13.2;
Hemorrolabs Tabletas Masticables;10;
HEMZON Tabletas Masticables;8;Ruscus Aculeatus 20mg + Lactobacilus Sporogenes 8.30mg + Vitamina C 40mg
Hidroxaneurin 10 Mg/2Ml Ampolla – Caja 1 Un;18;
Hioscina Butilbromuro 10mg Tableta Recubierta – Caja 100 UN;6.5;
Hioscina Escopolamina N-Butilbromuro 20mg/mL Solución Inyectable;3.5;
Hiru-Hemaflam Forte Pomada – Tubo 20 G;16.5;No encontrado
Hisaler 10mg/ml Solución Oral Gotas – Frasco 15 ML;50.5;
Hyalo Comfort 0,4% Solución Oftálmica – Frasco 15 ML;54;
Ibuprofeno 400mg Tableta Recubierta;1;Ibuprofeno 400 mg
Icaliv 1% Crema tópica – Tubo 20 G;24.4;
Idofix Jarabe – Frasco 120 Ml;32.5;
Infusión Gripal Dr. PÉREZ-ALBELA – Caja 15 UN;20.4;No encontrado
Infusión Mujer Dr. PÉREZ-ALBELA – Caja 15 UN;20.4;No encontrado
Irbesartan 150 Mg Tabletas;5.6;Irbesartan 150 Mg
Itubiof 500mg/2ml Solución Inyectable;15;
Kallozil 17 g/100 Ml Solución tópica – Frasco 8 ML;20.5;Ácido Salicílico 17g
Keflex 250 mg/5 ml Suspensión Oral – Frasco 100 ML;94;
Kenaflam 0.025% Crema Tópica – Tubo 60 G;19.5;Triamcinolona 0,025%
Ketesse 50mg/2ml Solución Inyectable;21.6;Dexketoprofeno 50 mg/2 mL
Ketoprofeno 100mg/5mL Solución Inyectable;3;No encontrado
Ketorges 60mg/2ml Solución Inyectable – Caja 25 Ampollas;350;
Kinemax 25 mg Comprimidos Recubiertos;31;Dexketoprofeno 25mg
Kit Varonil (2 Dprost Premium + 1 Dprost Sex );149;No encontrado
Laxoven Enema Solucion – Frasco 120 ML;21.5;
Laxoven Enema Solucion – Frasco 240 ML;30.9;
Lesstamin 2.5mg/5ml Jarabe – Frasco 60ml;26.4;Levocetirizina diclorhidrato 2.5 mg / 5 ml
Levofloxacino 500mg Tabletas Recubierta;15;Levofloxacino 500 Mg
Libbera 2.5 Mg/5 Ml Jarabe – Frasco 60 mL;48;Levocetirizina 2.5mg
Limonada Purgante Markos Solución oral – Frasco 200 ML;7.5;
Limonada Purgante Markos-Libre De Calorías – Frasco 200 ML;7.5;Picosulfato Sódico 2.50mg | Acido Tartárico 3000,00 mg | Acido Fosfórico (equivalente a 2550,00 mg de Fosfato disódico) 1760,00 mg
Lincomicina PHARG 600mg/2ml Solución inyectable;2.2;
Losartan 50mg Tableta Recubierta – Caja 60 UN;17.8;
Lubricante Íntimo Five Lube – Tubo 60 ML;17.2;
Lubricante Íntimo Five Lube. Tubo 60 ML – 3×2;51.6;
Lubricante Íntimo Five Sachet – Caja 5 UN;11.5;
Lubricante Íntimo Five Sachet. Caja 5 UN – 3×2;34.5;
Lymphdiaral Injektopas Solución Inyectable;13.5;Taraxcum – Conium – Hydrastis
Macho Dprost Huanarpo Tabletas. Frasco 30 UN – Tripack;149;No encontrado
Magnealiv 415MG/5ML Tutti Frutti Suspensión Oral – Frasco 150 ML;7.8;No encontrado
Magnealiv Kids Sabor Durazno – Frasco 150 ML;8.3;No encontrado
Maite Clormadinona + etinilestradiol 2.00mg+0.03 – Caja 21 UN;37.3;
Mason Melatonin 500 Mcg – Frasco 60 UN;63.9;
Massulf 800mg/160mg Tableta;11;
Maxicef 400 Mg Comprimidos recubiertos – Caja 8 Un;98.7;Cefixima anhidro 400mg
Mczone-1000 IM/IV – Caja 1 VIAL;11.5;
Mebo 0.25% Ungüento – Tubo 30 G;85.6;sitosterol 0.25%
Mecofarflex MSN Sabor Naranja – Caja 30 SOBRES;3.5;
Meconadol Plus 150/500mg Tabletas Recubiertas;17;Ibuprofeno 150mg| Paracetamol 500mg
Medibeta 0.05% Crema Tópica – Tubo 20 G;15;Betametasona 0.05%
Medicort 4mg/2ml Solución Inyectable;8;Dexametasona 4mg/2ml
Medivel NF 0.75% Gel Vaginal – Tubo 40 G;55.9;
Mejoral Migraña 250mg + 250mg + 65mg Tableta Recubierta;2.2;
Melatonina 3mg Tableta;30;
Mensille 25-5mg/0.5ml Solución Inyectable – Caja 1 Un;20.9;Acetato de Medroxiprogesterona 25mg | Cipionato de Estradiol 5mg
Mericox 120mg Tabletas Recubiertas – Caja 7 Un;47.7;Etoricoxib 120mg
Metamucil Sabor Naranja 3.26 g / 5.8 g Polvo para Suspensión Oral;3.1;
Metamucil Sabor Naranja 3.26 g / 5.8 g Polvo para Suspensión Oral – Pote 174 G;54.9;
Metamucil Sabor Naranja 3.26 g / 5.8 g Polvo para Suspensión Oral – Sobres 3 UN;11.4;
Metoclopramida 10 Mg Tabletas – Caja 100 UN;10;Metoclopramida 10 Mg
Metoclopramida 10mg/2mL Solución Inyectable;3.1;
Metronidazol 500mg Solución inyectable – Caja 1 UN;6.5;
Micopirox 8 % Laca para Uñas – Frasco 5 mL;81.4;Ciclopirox 8 %
Minot 100 Mg Cápsulas de Liberación Prolongada;73;
Moxcda 400mg Tabletas Recubiertas – Caja 10 UN;170;
Mucocar 100 Mg/5 Ml Solución Oral – Frasco 120 ML;29.3;
Mucocar 600mg/3g Gránulos para solución Oral;3.4;Acetilcisteína 600mg
Mucomecomoxil 250mg-4mg/5ml Suspensión Oral – Frasco 60ml;14.9;Amoxicilina 250mg | Bromhexina 4mg
Mucophartoss E Solución Oral – Caja 120ml;16.5;Dextrometorfano 10mg | Guaifenesina 100mg
Multi 3 Max Solución Hidrazym Multiproposito – Frasco 60 ML;18;No encontrado
Multi-bioticos Pastilla dura con sabores variados Naranja/Menta;2.7;
Multiflora Plus Cápsula;103;Probióticos 1 x108 UFC (L. casei 4,00 x 107, L. rhamnosus 3,50 x 107, S. thermophilus 1,00 x 107 , B. breve 5,00 x 106, L. acidophilus 5,00 x 106, B. longum 4,00 x 106, L. bulgaricus 1,00 x 106)|vitamina C 40mg |Vitamina E 6mg |Vitamina A 400ug
Multiflora Polvo para Suspensión;73;Probióticos 1 x109 UFC (L. casei 4,00 x108, L. rhamnosus 3,50 x108, S. thermophilus 1,00 x108, B. breve 5,00 x107, L. acidophilus 5,00 x107, B. infantis 4,00 x 107, L. bulgaricus 1,00 x 107)
Mutum 150mg Cápsula – Caja 4 UN;28;
Mycofentin 1000 Mg Cápsula Blanda Vaginal – Caja 1 UN;43.1;
Mylanta Dos Suspensión Fresa – Frasco 240 ML;27.3;
Nat D 1000UI Tableta – Frasco 60 Un;51;No encontrado
Neo Nisoprex 15Mg/5Ml Jarabe – Frasco 100 mL;28;Prednisolona 15 mg
Neonypol Cápsula Blanda Vaginal;26;Neomicina + Nistatina + Polimixina B
Neopresol 10 mg Comprimidos;229;
Netaf 10 mg/ml Suspensión Oral Gotas – Frasco 20 ML;62.8;
Neumocortplus 160mcg/4.5mcg/dosis Aerosol para inhalación – Caja 1 UN;104.2;Budesonida 160mcg|Fumarato de Formoterol dihidrato 4.5mcg
Neurodioxaflex 50mg + 50mg + 50mg + 0.25mg Cápsula;20;
Neurotol 100MG Tableta Recubierta – Caja 10 UN;40.5;
Neurotol 25MG Tableta Recubierta – Caja 10 UN;22;
Nimodipino 30mg Tableta;9;Nimodipino 30mg
Nistaglos Ungüento – Tubo 30 G;42.2;Nistatina 100.000 UI + Oxido de Zinc 150 MG
Nodon 5mg Tabletas;120;
Notfebril Jarabe – Frasco 60 ML;9.5;No encontrado
Novocortil-L NF Crema – Tubo 15 G;31.5;No encontrado
Omeprazol 40mg Polvo para Solución Inyectable;5.5;
Oromet 850mg Tabletas Recubiertas;100;
Oromet XR 1000mg Tableta de Liberación Prolongada;17.7;Clorhidrato de Metformina 1000mg
Oseomec 150mg Tableta – Caja 1 Un;49.9;Ácido ibandronico 150mg
Ovejillo Stevia Plus Líquido – Frasco 100 mL;20;Estevia + Sucralosa + Acido Cítrico + Potasio Sorbato
Panadol Forte (Sob/2 Tab);2;
Pantoderm Crema – Tubo 30 G;18.9;
Pantopranex 40mg Tableta;34;Pantoprazol 40mg
Pepto-Bismol Sabor Cereza 525mg / 30ml Suspensión Oral – Frasco 118 ML;17.9;
Pepto-Bismol Sabor Cereza 525mg / 30ml Suspensión Oral – Frasco 236 ML;29.9;
Phyto Soya Gel vaginal – Caja 8 Un;73.7;
Piroxicam 20 Mg Tabletas;1;Piroxicam 20 Mg
Plidan compuesto 10mg+500mg Comprimido Recubierto – Caja 100 Un;94;Escopolamina butilbromuro 10 mg Paracetamol 500 mg
Polcem 6MG/ML Solución Oral – Frasco 10ml;22.1;Ivermectina 6mg
Portil Crema NF Portugal – Tubo 20 G;9;Clotrimazol | Gentamicina | Betametasona
Posulen 90mg Óvulos;5;Policresuleno 90mg
Powers’ X Gold Comprimidos – Frasco 20 UN;85;No encontrado
Preservativo CLICK Clásico – Caja 3 UN;3.8;No encontrado
Preservativo Durex Clasico – Caja 12 Un;27.9;No encontrado
Preservativo Five Extreme – Caja 5 UN;7.8;
Preservativo Five Extreme. Caja 5 UN – 3×2;23.4;
Preservativo Five Time Efecto Retardante – Caja 5 UN;8;
Preservativo Five Time Efecto Retardante. Caja 5 UN – 3×2;24;
Preservativos Durex Extra Seguro – Caja 3 UN;10.5;No encontrado
Preservativos Durex Invisible – Caja 3 UN;11.4;No encontrado
Preservativos Durex Real Feel – Caja 3 UN;11.9;No encontrado
Preservativos Five Hot – Caja 5 UN;7.7;
Preservativos Five Hot. Caja 5 UN – 3×2;23.1;
Preservativos Five Original – Caja 5 UN;7.9;
Preservativos Five Original. Caja 5 UN – 3×2;23.7;
Preservativos Five Skin Ultra Sensible – Caja 5 UN;7.8;
Preservativos Five Skin Ultra Sensible. Caja 5 UN – 3×2;23.4;
Preservativos Five Steel Doble Textura – Caja 5 UN;7.8;
Preservativos Five Steel Doble Textura. Caja 5 UN – 3×2;23.4;
Preservativos Five XL – Caja 5 UN;8;
Preservativos Five XL. Caja 5 UN – 3×2;24;
Preservativos Gents con Aros – Caja 3 UN;5.9;No encontrado
Prevenil 5 Comprimido;54;Montelukast 5mg
Pripax 150mg Cápsula – Caja 10 UN;39.6;
Procthyl 5-1% Ungüento – Tubo 20 G;37.8;Policresuleno 5g | Cincocaína clorhidrato 1g
Promestine 1% Crema vaginal – Tubo 15 G;40.7;
Provera 5 Mg Tabletas;18.9;Medroxiprogesterona 5mg
Restorflora BC 5mL Ampolla Bebible;3.5;
Reteven CR 10 Mg Comprimidos Recubiertos – Caja 10 UN;78.5;Oxibutinina 10 MG
Reumafrost NF Ungüento – Pote 60 G;15.2;
Rhino-BB DM 0.9% Solución Gotas Nasales – Frasco 15 ML;11.5;
Rinokid 3% Solución Nasal para Nebulización – Frasco 25 ML;28.5;
Rinomar Babies Isotónico Higiene Diaria Solución para pulverización nasal – Frasco 30 ML;29.5;
Risperidona 2 Mg Tableta;8;Risperidona 2 mg
Roaccutan 10mg Cápsulas Blandas;136.7;Isotretinoina 10 Mg
Roaccutan 20mg Cápsulas Blandas;162;Isotretinoina 10 Mg
Rupafin 10mg Comprimidos;48.2;Rupatadina 10 Mg
Rylamax 1G Polvo Para Solución Inyectable – Caja 1 Vial + Solvente;16.9;Ceftriaxona
Secnizol 2g Gránulos para Solución Oral – Caja 1 Sobre;25;Secnidazol 2g
Serotocaf 500mg Cápsula;20;CEFALEXINA
Shampoo Micopirox 1% Champú – Frasco 100 mL;48.2;Ciclopirox 1 %
Sildenafilo 100mg Tableta Recubierta;6;No encontrado
Sildenafilo 50mg Tableta Recubierta;4.7;No encontrado
Somatinn 1mg Tabletas;6.9;Melatonina 1mg
Spasmomen 40 Mg Tabletas Recubiertas;38;Bromuro de etilonio 40 mg
Spasmonium 40mg Tableta Recubierta;34;Otilonio Bromuro 40mg
Sprainer Solución Oftálmica – Frasco 80 mL;68.5;Caléndula | Extracto de manzanilla
Sulconar 25mg-250mg Tableta;115.4;
Sulfanil 1% Crema – Tubo 20 G;12.9;
Sutras 20mg Tabletas;60;Tadalafilo
Synthroid 100mcg Tabletas;32.5;100 mcg Levotiroxina Sódica
Synthroid 75mcg Tabletas;27.5;
Systalan en Ocuvial Solución oftálmica estéril – Caja 30 UN;134.6;
TalenTum 10 MG Tableta Recubierta – Caja 30 UN;77.7;
Talflex Bi 150Mg Comprimidos – Caja 14 Un;56;Ketoprofeno 150mg
Tamsulosina 0.4mg Cápsulas de liberación prolongada;7.7;Tamsulosina 0.4mg
TDN Allergy 10mg Cápsula Blanda;16;
Tensoflow 5mg Tableta Recubierta;84;
Teraliv 5mg Tabletas;10;No encontrado
Thyrofix 100mcg Tableta;6;Levotiroxina sódica 100 mcg
Thyrofix 50mcg Tableta;4.6;Levotiroxina sódica 50 mcg
Tintura de Yodo Solución – Frasco 30 ML;3.9;No encontrado
Tobrazol DX 0,3% + 0,1% ungüento oftálmico;50.9;Tobramicina 0,3 g Dexametasona 0,1 g
Tonopan Migraña 250mg +250mg + 65mg Tableta Recubierta;1.5;
Tonopan Niños Gotas – Frasco 15 ML;10.5;
Topicalm 0,05% Crema – Tubo 30 G;27;
Tretocheck 20mg Cápsulas Blandas;38.4;Isotretinoína 20mg
Ursodex 300 mg Comprimidos;143;Ácido Ursodeoxicolico 300 MG
Ursoflow 250mg Cápsulas – Caja 30 Un;143.5;
Valtero 500mg Tabletas Recubiertas;81;
Vanthia 10mg Tabletas;32;
Vaselina Reuter con Perfume – Lata 5 G;1.2;No encontrado
Vaselina Reuter sin Perfume – Lata 5 G;1;No encontrado
Vaselina Sólida Alkofarma – Pote 100 G;7.1;No encontrado
Vedipal 450mg / 50mg Comprimido recubierto – Caja 20 UN;87;
Vedipal® 1000 900Mg + 100Mg Tableta Recubierta – Caja 30 UN;174.6;
Velamox 250 250mg/5ml Suspensión Oral – Frasco 60 mL;22.5;Amoxicilina 250mg
Velamox CL 12H 875mg / 125mg Tableta Recubierta;4.6;Amoxicilina 875mg | Ácido clavulánico 125mg
Ventris 5mg Tableta Recubierta;59.4;Mosaprida 5 MG
Vgliptmet 50mg/1000mg Tableta Recubierta;66.1;
Vick Grip 10 Comprimidos – Blister 4 UN;6.4;
Vilzer 50mg Comprimido – Caja 30 UN;72;
Vilzermet 50-1000mg Comprimido recubierto – Caja 30 UN;75;
Vilzermet 50-850mg Comprimido recubierto – Caja 30 UN;77;
Violeta de Genciana Portugal 1% – Frasco 30 ML;1.6;No encontrado
Vitamina B12 Injektopas Solución Inyectable;15.5;Vitamina B12
Voltaren Emulgel 1.16% Gel – Tubo 30 G;20.6;
Xenda Solución Oftálmica – Frasco 3 mL;98.9;Latanoprost 0.005%
Xorlyst 120mg Cápsulas;19.4;Orlistat 120mg
Zentel 400Mg/10Ml Suspensión Oral – Frasco 10 mL;15.5;Albendazol 400mg
Zetafex 30mg/5ml Suspensión Oral – Frasco 150 ML;60;No encontrado
ZOCEF 1G Vial Solución Inyectable + 1 ampolla solvente x 3.5 mL via I.M.;16.9;No encontrado
Aci Basic 400mg-30mg/5ml Suspensión Oral – Frasco 150 mL;19.9;Magaldrato 400mg | Simeticona 30mg
Alviera 0.1% Crema tópica – Tubo 30 G;59.1;Adapaleno 0.1g
Amigdazol B 0.15% Solución para Pulverización Bucal;22.1;No encontrado
Amikacina MED 500 mg/2mL Solución Inyecable;3.3;
Amoxicilina + Ácido Clavulánico 500mg /125mg Tabletas Recubiertas;13;Amoxicilina 500mg | ácido clavulánico 125mg
Angie CD – Caja 28 UN;48.9;Clormadinona – Etinilestradiol
Assis 400 Mg-30 Mg/5 Ml Suspensión – Frasco 220 mL;28;Magaldrato | Simeticona
Atorvastatina ACF 20 mg Tableta Recubierta;2.4;Atorvastatina 20mg
Bismucar Suspensión Oral Sabor Fresa – Frasco 340 mL;20.9;Subsalicilato De Bismuto 87.33mg/5ml
Cetirizina 5mg/5ml Jarabe – Frasco 60 ML;5.5;Cetirizina Diclorhidrato 5mg
Cetriler 2.5 mg/5 mL Jarabe – Frasco 60 ML;37.8;
Claritromicina ACF 500mg Tableta Recubierta;16;
Clavumox 250Mg + 62.5 Mg/5 Ml Polvo para Suspensión Oral – Frasco 60 ML;76;Amoxicilina | Ácido clavulánico
Colchicina FMD 0.5 mg Tableta;4.5;
Davintex 120mg Comprimidos Recubiertos;68.6;Etoricoxib 120 MG
Dayflu Active;13;Acetaminofen 325mg Fenilefrina clorhidrato 5mg Dextrometorfano Bromhidrato 10mg
Deflazacort ACF 30 Mg Tabletas;32;Deflazacort 30 Mg
Deflazacort ACF 6 Mg Tabletas;12.9;DEFLAZACORT 6 MG
Detrucalm 200mg Comprimido Recubierto;46.5;
Dibrolax 10mg/ml Solución para gotas orales – Frasco 20 mL;43.6;
Dolomax 100mg/5ml Suspensión Oral – Frasco 60 ML;12.2;Ibuprofeno 100mg
Enalapril FMD 20 mg Tableta – Caja 100 UN;9;Maleato de Enalapril 20mg
Esoton 20 Mg;24.5;Esomeprazol 20 MG
Evaclean Polvo para Suspensión Oral;21;Polietilenglicol 105g|Bicarbonato de sodio 1.43g|Cloruro de sodio 2.8g |Cloruro de potasio 0.37g
Flexofytol Cápsulas blandas;167;Extracto Bio-optimizado de Curcuma longa 42 mg – 52.5 mg estandarizado a 42 mg de curcumina
Funzal Twin 150 Mg Cápsulas – Caja 2 UN;28.6;Fluconazol 150mg
Ginothyl 90mg Óvulos;4;Policresuleno 90mg
Hidrivag Gel – Tubo 60 G;60.2;Extracto acuoso de Isoflavonas de Soya| Ácido hialuronico|Acido láctico
Ibuprofeno 100mg/5ml Suspensión Oral – Frasco 60 ML;2.2;Ibuprofeno 100mg
Ladee 0.03mg/3 mg Recubierto – Caja 28 UN;30.7;Drosperinona – Etinilestradiol
lafi-til7 1% Crema tópica – Tubo 15 G;27.2;Terbinafina 1%
Lamisil 1% Crema – Tubo 15 G;29.5;Clorhidrato De Terbinafina 1%
Lamisil 1% Solución – Frasco 30 mL;44.9;Clorhidrato De Terbinafina 1%
Mantixa 5 5mg Comprimido recubierto;140;Apixaban 5 mg
Maxicef 100 Mg/ 5 Ml Polvo para Suspensión Oral – Frasco 120 ML;97.7;
Mecotrex 200mg/5ml Polvo Para Suspensión Oral – Frasco 30 ML;27.5;Azitromicina 200mg
Mejoral 500 mg – 30 mg Tabletas;3;Ácido acetilsalicílico | Cafeína
Meloxicam ACF 15mg Tabletas;3.5;Meloxicam 15mg
Mupirocina ACF 2% Ungüento – Tubo 15 G;20.1;Mupirocina 2%
Mupirox 2% Ungüento Tópico – Tubo 15 G;25.7;Mupirocina 2%
Naproxeno PEFA sódico 550mg Tableta recubierta;3.8;Naproxeno 550mg
Nisoprex 5 mg/5ml Suspensión oral – Frasco 120 ML;24.9;Prednisona 5 mg
Notizol B Crema – Tubo 20 G;12.4;Clotrimazol 1.00 G | Dexametasona 0.05 G | Gentamicina 0.10 G
Paltomiel Infantil Jarabe – Frasco 125 mL;15;Extracto de Hoja de Eucaliptus 19.7ml, Extracto de Hoja de Persea 19.7ml
Preservativos Durex Sensitivo Delgado – Caja 3 UN;10.4;No encontrado
Reflexan 10mg Comprimidos Recubiertos;64.7;
Reflexan 5mg Coprimidos Recubiertos;30.2;
Repriman 500mg/ml Solución Oral Gotas – Frasco 10 ML;8.2;No encontrado
Sildenafilo 100mg Tabletas Recubiertas;12;Sildenafilo 100 MG
Sildenafilo 50 mg Tableta recubierta;11.3;Sildenafilo 50 MG
Valsartan ACF 80mg Tabletas;17.4;
Xumer 120mg Comprimido Recubierto;49.7;Etoricoxib 120 MG
Aerofit 80mg/ml Suspensiòn Oral Gotas Sabor Anis – Frasco 15 ML;13.5;No encontrado
Aerox 80Mg/Ml Fresa – Frasco 15 Ml;13.5;No encontrado
AmoxiCLin CL 12H Polvo para Suspensión Oral – Frasco 75 ML;93.6;
Betapluss 0.05 % Crema – Tubo 20 G;5.7;Betametasona
Bisolvon 8mg/5ml Jarabe Adultos – Frasco 120 ML;22.2;Clorhidrato de Bromhexina 8 mg
Buscamint 12 Cap Blandas;29.3;Aceite de menta (Mentha x piperita L.) 0.2 mL [equivalente a 181.6 mg].
Cefacrol 500 Mg Polvo para Inyectable – Caja 1 UN;25.9;
Cetirizina 10mg PEFA – Caja 100 UN;10;Cetirizina 10mg
Clotrimazol Crema ACF 1% – Tubo 20 G;2.8;CLOTRIMAZOL 1 %
Coluquim 100 Mg/5 Ml Suspensión oral – Frasco 60 ML;35.5;Nitazoxanida 2g
Coluquim 500mg Tableta recubierta;29.3;NITAZOXANIDA 500 MG
Contravaris 100mg Cápsula;60;EXTRACTO DE RUSCUS ACULEATUS, L. 100,00 mg
Cortimex 5mg-5ml Jarabe – Frasco 120 ML;23.3;Prednisona 5mg
Dalgiet 2mg Comprimido – Caja 28 UN;113.2;Dienogest 2mg
Dexabron Expectorante Jarabe – Frasco 120 ML;14.4;Dextrometorfano 10mg | Guaifenesina 100mg
Diclofenaco FMD 1% Gel – Tubo 50 G;6.6;DICLOFENACO SÓDICO 1g
Dienille 2/0.03mg Comprimido Recubierto – Caja 28 UN;33.4;Dienogest 2mg | Etinilestradiol 0.03mg
Dipha-Scbix 5% Crema Tópica – Tubo 60 G;65;No encontrado
Espirone 100mg Tableta Recubierta;22.7;Espironolactona 100mg
Espirone 25 Mg Tabletas Recubiertas;10.7;Espironolactona 25mg
Fisioplus Forte 2% Gel – Tubo 50 G;19.4;Diclofenaco 2%
Flavoxato 200mg Tableta Recubierta;44.9;Flavoxato 200mg
Flucomecomax 150mg Cápsulas – Caja 2 UN;12.2;FLUCONAZOL 150mg
Furoxinol 500mg Tableta Recubierta;65.7;
Gestageno 200 Cápsulas Blandas;65.7;Progesterona 200 mg
Gripamec Tabletas Recubiertas;12;Paracetamol 325mg | Clorfenamina 2mg | Fenilefrina 5mg | Dextrometorfano 10mg
Hadensa Pomada Vía Rectal – Tubo 15 G;40.2;Policresuleno 5,000gCincocaína clorhidrato 1,000g
Hemofolic Cápsula Blanda;66.9;Lipofer (hierro micro encapsulado) 30.00 mg Fe | Quatrefolic (vitamina B9) 400.00 ug
Idon 10mg/ml Suspensión Oral Gotas – Frasco 15 ML;38.3;DOMPERIDONA 10mg
Invictus 5mg Comprimidos Recubiertos;34;Tadalafilo 5mg
Ketesse 25mg tableta;39.5;Desketoprofeno 25 MG
Ketorolaco 10 Mg Tableta Recubierta;9.9;
Milpax F 500mg/10mL + 267mg/10 Ml + 160mg/10mL Suspensión Oral;50.7;Alginato de Sodio 500mg, Bicarbonato de sodio 267mg,Carbonato de Calcio 160mg.
Misulona 200mg Cápsulas Blandas – Caja 10 UN;32.5;No encontrado
Percof 30mg / 5ml Jarabe – Frasco 120 ML;19;Levodropropizina 30mg/5ml
Postinor 1 Comprimido – Caja 1 UN;21.9;
Prednisona IQF 5mg Tableta;1.1;Prednisona 5 mg
Preservativo Piel Clásico – Caja 3 UN;4.7;No encontrado
Preservativo Piel Con Espuelas – Caja 3 UN;4.7;No encontrado
Preservativo Piel con Retardante – Caja 3 UN;5.8;No encontrado
Repriman 250mg/5ml Jarabe – Frasco 50 ML;10.2;Metamizol Sódico 250mg
Reumoflex Forte – Pote 100 G;28.9;No encontrado
Sucralex 1g/5ml Suspensión oral – Frasco 200 ML;35.4;Sucralfato 1g
Sulfamed NF 1% Crema Tópico – Tubo 15 G;12.4;Sulfadiazina de Plata 1g
Toban F 2 Mg Tableta;6.5;Loperamida 2mg
Tusilexil NF Jarabe – Frasco 120 ML;25.8;Dextrometorfano Bromhidrato 15mg/5mL + Difenhidramina Clorhidrato 7.5mg/5mL
Velamox 500 Mg Suspensión – Frasco 60 ML;26.5;
Velamox 750 Mg Suspensión – Frasco 70 ML;25.5;
Xeniler Jarabe – Frasco 60 ML;15.6;Cetirizina 5g
Zetaler 5mg/5ml jarabe – Frasco 60 ML;36.5;Cetirizina clorhidrato 5mg
Zirax 200 MG/5ML Suspensión – Frasco 30 ML;32.5;
Paracetamol 160mg/5mL Jarabe – Frasco 90 ML;7.5;Paracetamol 160mg
Preservativo Gents Retardante – Caja 3 UN;5.8;No encontrado
Preservativos Gents con Espuelas – Caja 3 UN;5.9;No encontrado
Acaril-S 30 % Loción Tópica – Frasco 60 ML;46.3;Benzoato de bencilo
Albothyl 90 mg Óvulos Vaginal;62.4;
Alizar 0.05% Crema Tópica – Tubo 30 G;48.9;Clobetasol Propionato 0.05%
Aminoter Max Shampoo – Frasco 300 ML;88.1;
Arcoxia 120mg Comprimido Recubierto;89;Etoricoxib 120 MG
Arcoxia 90 Mg Comprimidos Recubiertos;68;Etoricoxib 90mg
Astarté 28 3mg/0.03mg Comprimidos Recubiertos – Caja 28 UN;28.9;DROSPIRENONA 3mg, ETINILESTRADIOL 0.03mg
Bactrim Forte 400 80mg/5ml Suspensión oral – Frasco 100 ML;27.2;
Clenbuvent Expectorante Jarabe – Frasco 120 ML;28.5;Clenbuterol clorhidrato 0.005mg | Ambroxol clorhidrato 7.5mg
Clenvuvent Expectorante Forte 0,01mg – 15mg/5ml Jarabe – Frasco 120 ML;31;Clenbuterol clorhidrato 0.01mg | Ambroxol clorhidrato 15mg
Clinotrin 3 150mg/ml Suspensión Inyectable – Caja 1 UN;23;No encontrado
Diclofenaco 75mg/3ml Solución inyectable;0.8;Diclofenaco sódico 75mg
Femelle 3 Mg-0.03 Mg Comprimidos Recubiertos – Caja 28 UN;38.2;Etinilestradiol 0.030mg | Drospirenona 3.00 mg
Fresh Tears 0.5% Solución Oftálmica – Frasco 15 ML;64;Carboximetilcelulosa sódica 0.5%
Gaseovet CB 240mg Cápsula Blanda;145;Simeticona 240 MG
Gaseovet Compositum Cápsula Blanda;151;Simeticona 40 G | Alverina Citrato 10 G
Geslutin PNM 200mg Cápsula Blanda;69.2;Progesterona 200mg
Glycolax Polvo para Solución oral – Pote 320 G;68.6;Polietilenglicol 3350 320 g
Lanzopral Heli Pack Cápsula de Liberación Retardada;313;Lansoprazol 500 MG | Claritromicina 500 MG | Amoxicilina 30 MG
Mesames Mini Comprimidos Recubiertos – Caja 28 UN;28;No encontrado
Metbact 500mg Tableta;12;Metronidazol 500 mg
Metformina 850 Mg Tableta;3.7;Metformina 850mg
Nayara Gel Hidratante Vaginal – Tubo 30 G;33.7;
Neo Nisoprex 15mg/5ml Jarabe – Frasco 60 ML;26.5;Prednisolona 15mg
Nistazinc NF Ungüento – Tubo 15 G;19.6;No encontrado
Nonpiron 100mg/5ml Suspensión Oral – Frasco 60 ML;11.4;Ibuprofeno 100mg
Ovestin 0.5 Mg Ovulos Vaginales;51.4;Estriol 0.5 mg
Rowachol NF Cápsula blanda Gastrorresistente;140;
Rowatinex Cápsula Blanda;15;
Serecur 320mg Cápsula;179.9;
Sildenafilo 50mg Tableta Recubierta;2.1;Sildenafilo 50mg
Tukol-D Jarabe – Frasco 120 ML;16.6;No encontrado
Uroberry Pacs Forte;154;
Zymaxid 0.5% Solución Oftálmica – Frasco 5 ML;106.8;Gatifloxacina 0,5%
Aquol Fresh 0.0125 % Colirio Solución Oftálmica – Frasco 15 ML;13.7;
Bronax 0.09% Solución Oftálmica Estéril – Frasco 5 ML;74.5;
Eye-3 1000mg Cápsulas Blandas – Frasco 60 Un;93;
Flumetol NF Ofteno Suspensión Oftálmica – Frasco 5 ML;71;ACETATO DE FLUOROMETOLONA 0.1%
Gentile 0.3% Solucion Oftalmica – Frasco 5 ML;19;No encontrado
Lagricel Ofteno Solución Oftálmica – Frasco 10 ML;97.9;Hialuronato de Sodio 0.4%
Lotesoft 0.5% Suspensión Oftálmica Estéril – Frasco 5 ML;44.8;Loteprednol Etabonato 0.50%
Multi-3 Plus con Aquazym Solucion Multiproposito – Frasco 120 ML;30;No encontrado
Unilife Plus Lutein Capsula Blanda – Frasco 60 UN;108.3;No encontrado
Unimox 0.5% Solución Oftálmica – Frasco 5 ML;77.8;Moxifloxacino 0,5%
Unipred F 1% Suspension Oftalmica – Frasco 5 ML;48.8;PREDNISOLONA ACETATO 10 mg
Unitears 1% Solución Oftálmica Estéril – Frasco 15 ML;37.6;HIPROMELOSA 10 mg
Unitears D Solucion Oftamica – Frasco 15 ML;40.7;DEXTRAN 70 1 mg , HIPROMELOSA 3 mg
Mentholatum Ungüento Lata 5 G;1;SALICILATO DE METILO 0.333g, DIOXIDO DE TITANIO 0.060g, ACEITE DE EUCALIPTO 0.083g, ACEITE DE PINO 0.083g, PARAFINA 5.000g, MENTOL 1.35g, ALCANFOR 9.00g
Fos-hepan Forte Cápsula blanda;25;Silimarina (como extracto de silybum marianum) 100mg | Fosfolípidos esenciales 300mg | L-glutatión 50mg | Vitamina B1 (tiamina mononitrato) 10mg | Vitamina B2 (riboflavina) 6mg | Vitamina B6 (piridoxina HCI) 10mg | Vitamina B12 (cianocobalamina) 10mg | Vitamina B3 (nicotinamida) 30mcg | Vitamina E (DL- alfa tocoferol acetato).10mg.
Prevencel Cápsulas Blandas;33;No encontrado
Sopaldine 300mg Cápsula Blanda;125.9;
Z-Cal 1000 2% Gel – Tubo 35 G;15.8;Diclofenaco dietilamina 2.32g
Abrilar EA 575 Jarabe – Frasco 100 ML;24.7;Extracto seco de hojas de hiedra (Hedera helix) 0,7g
Aciclovir 5% Crema – Tubo 5 G;3;Aciclovir 5%
Aldomet 500 mg Tableta Recubierta;85;Metildopa 500 MG
Amloprednil 10mg Tabletas;21;Amlodipino
Artanbix 50 mg Tableta recubierta;13.3;Losartan potásico 50mg
Assa 81 mg Tabletas con Recubierta Entérica;12;
Betapress 100mg Tableta de Liberación Prolongada;113;
Betapress 50mg Tableta de Liberación Prolongada;78;
Cholo 2 Injektopas SL Solución Inyectable;13.5;No encontrado
Eukene 40mg Comprimido Recubierto;125;Olmesartan 40 MG
Eutirox 150mcg Tabletas;51.8;Levotiroxina sódica 150mcg
Eutirox 88 microgramos Tableta;31.5;Levotiroxina Sódica 88mcg
Fosliselen 3g Gránulos Para Solución Oral;38.9;Fosfomicina 3g
Glucophage 500 Mg Comprimidos Recubiertos;17;Metformina 500 MG
Glucophage 850 Mg Comprimidos Recubiertos;86;Metformina 850 MG
Glucophage XR 750mg Comprimido de Liberación Prolongada;79;Metformina 750 MG
Iltux 40 Mg Comprimidos Recubiertos;170;
Iltux HCT 40 Mg/12.5 Mg;157;Olmesartan 40 MG | Hidroclorotiazida 12.5 MG
Iltuxam 40/5mg Comprimido Recubierto;287.1;Olmesartán 40 MG | Amlodipino 5 MG
Isorbide 10 Mg Tabletas;79.6;Isorbide Nitrato 10 mg
Losacor D 100 Comprimido Recubierto;135.5;Losartán 100 MG | Hidroclorotiazida 25 MG
Mecopiron 100mg/5ml Suspensión Oral – Frasco 60 ML;9.9;
Nabila 5mg Comprimidos;135.9;Nebivolol 5 MG
Panadol 500Mg Tableta;1.3;
Pasconal Forte Injektopas Solución Inyectable;13.5;Avena sativa, Valeriana, Ignatia, Tarántula, Veratrum
Prednimass 5mg/5ml Solución Oral – Frasco 60 ML;17.9;No encontrado
Preservativo Sensation Retardante Liso – Caja 3 UN;5.9;No encontrado
Preservativo Sexe-ET espuelas – Caja 3 UN;4.2;No encontrado
Preservativo Sexe-ET Natural – Caja 3 UN;4.2;No encontrado
Preservativo Sexe-ET Retardante – Caja 3 UN;5.5;No encontrado
Preservativo Sexe-ET Ultra Delgado – Caja 3 UN;4.2;No encontrado
Tapazol 5Mg Tabletas;7.3;Tiamazol 5mg
Biotears 0.3% – 0.1% Solución Oftálmica – Frasco 15 mL;44.7;
Dicloptic 0.1% Solución Oftálmica – Frasco 5 mL;35.3;Diclofenaco sódico 1.0mg
Predso 1% Suspensión Oftálmica 5Ml – Frasco 5 mL;37.5;Prednisolona 1%
Frutenzima Forte 172mg + 80mg Comprimido Recubierto;13;Dimeticona 80 mg + Pancreatina 172 mg
Xaroban 15 Mg Comprimido – Caja 15 Un;141.4;Rivaroxaban 15mg
Xaroban 20 Mg Comprimido – Caja 15 Un;145;Rivaroxaban 20mg
Zoltum 20 Mg Comprimidos – Caja 14 Un;87.3;Pantoprazol 20mg
Apronax ® 275mg Tabletas Recubiertas;5.7;
Bismutol 87.33mg /5ml Suspensión Oral Sin Azúcar – Frasco 150 ML;16.5;No encontrado
Acetak 250 mg Tabletas – Caja 20 Un;52;Acetazolamida 250mg
Akamoxx 0.5% Solución Oftálmica – Frasco 5 mL;77;moxifloxacino 0.5%
Anaflex Mujer NF 200mg Cápsula Blanda;9;Ibuprofeno 200mg
Dolmax 10mg Tableta Recubierta;22;KETEROLACO 10mg
Esomeprazol 40mg Tabletas de Liberación Retardada;9.7;Esomeprazol 40 mg
Floril 0.03% Solución Oftálmica – Frasco 15 mL;9.9;nafazolina 0.03%
Hylo Comod 1Mg/Ml Solución Oftálmica – Frasco 10 mL;92.2;ácido hialurónico al 0,1%
Hylo-Dual Colirio Solución Oftálmica – Frasco 10 mL;95.5;ectoína, hialuronato de sodio
Lagrimas Isotónicas 1.4% Solución Oftálmica – Frasco 15 mL;22.2;Alcohol polivinilico 14.0 mg
Lamoflox 0.5% Solución Oftálmica – Frasco 5 mL;56.9;
Naphavit 0.1% Solución Oftálmica – Frasco 15 mL;26.4;nafazolina clorhidrato 0.1%
Olopak 0.2% Solución Oftálmica – Frasco 5 mL;96;olopatadina 0.2%
Patadine Plus 0.2% Solución Oftálmica – Frasco 5 mL;47.5;olopatadina 0.2%
Permeafilm 1.4% Solución Oftálmica Estéril – Frasco 15 mL;16.5;alcohol polivinilico 1.4%
Terracorsol Ungüento Oftálmico – Tubo 3.5 Gr;16.6;oxitetraciclina, polimixina B , hidrocortisona acetato
Tetralan 1% Ungüento Oftálmico – Tubo 6 Gr;13.3;tetraciclina 1%
Vick Vaporub Ungüento x 100 G + Vick 44 Jarabe x 120 mL;46.8;No encontrado
Vick 44 Jarabe x 120 mL Pack x 2 Frascos;49.8;No encontrado
Vick Vaporub Ungüento x 100 G + Vick Lata x 12 G;25.4;No encontrado
Vick Vaporub Ungüento x 100 G + Vick Primera Defensa x 15 G;53.8;No encontrado
Vick Vaporub Ungüento x 100 G + Vitapyrena Forte x 1 Sobre;24.9;No encontrado
Vick Vaporub Ungüento x 100 G Pack x 2 Potes;43.8;No encontrado
Vick Vaporub Ungüento x 50 G + Vick 44 Jarabe x 120 mL;37.9;No encontrado
Vick Vaporub Ungüento x 50 G + Vick Primera Defensa x 15 G;44.9;No encontrado
Vick Vaporub Ungüento x 50 G + Vitapyrena Forte x 1 Sobre;16;No encontrado
Vick 44 Jarabe Sabor Cereza – Frasco 120 ml;18.7;No encontrado
Vick BabyBalm Bálsamo para Bebé – Pote 50 G;12.2;No encontrado
Vick VapoRub Ungüento Tópico – Pote 50 G;10.6;No encontrado
Vick Primera Defensa Solución Nasal 15 ml;26.6;No encontrado
Vick VapoRub Ungüento Tópico – Pote 100 G;18.5;No encontrado
Vick VapoRub Ungüento Tópico – Lata 12 G;3;No encontrado
Vitapyrena Forte Antigripal Sabor Miel y Limón – Sobre 5G;2.4;No encontrado
Xaloptic 0.005% Solución Oftálmica – Frasco 3 mL;77.6;latanoprost 0.005%
Atorslim 40mg Tableta Recubierta;99.1;Atorvastatina 40 MG
Hisaler 10mg Comprimidos Recubiertos;11;Cetirizina diclorhidrato 10 mg
Nastizol Compositum Forte Comprimidos;11.9;Paracetamol 500mg | Clorfenamina Maleato 4mg | Fenilefrina Clorhidrato 10mg
Hisaler 5Mg/ 5Ml Jarabe – Frasco 60 mL;42.6;Cetirizina Diclorhidrato 5mg
Bagomicina 100 Mg Comprimido Recubierto;61.5;
Bagovital Inmune Polvo Sobre;7.4;No encontrado
Bonacoxib 60 Mg Tabletas – Caja 14 Un;56;No encontrado
Degraler 2.5 Mg/5 ML Jarabe – Frasco 100 mL;53.5;Levocetirizina diclorhidrato 2.5mg
Dobesium 125Mcg Tableta;48.5;Levotiroxina 125 Mcg
Dobesium 150Mcg Tableta;50;Levotiroxina Sódica
Dobesium 75Mcg Tableta;28.7;No encontrado
Fediral 30mg Tableta Recubierta de Liberacion Prolongada;54.7;Nifedipino 30 mg
Flucomix 50 Mcg/Dosis Suspensión Nasal – Frasco 120 DSS;114.9;FLUTICASONA PROPIONATO 50 mg
Furabact 500 Mg Tabletas – Caja 10 Un;60;No encontrado
Glicenex SR 500 Mg Comprimido de Liberación Prolongada;41.8;Metformina 500 MG
Micoterat 250 Mg Comprimidos;139.2;Terbinafina 250mg
Tensiflex 300/250 Mg Comprimido Recubierto;18.3;Paracetamol 300mg | Clorzoxazona 250 mg
Vastaslim Ez 10Mg/20Mg;77.6;Ezetimiba 10 mg / Simvastatina 20 mg
Bactiomax 500Mg Capsulas;12;Amoxicilina 500 Mg
Mecoclin 300Mg;20;Clindamicina 300 Mg
Balile 75mg Capsulas;25.6;Pregabalina
Dulcolax 5 Mg Tabletas de liberación retardada – Caja 100 Un;10.5;Bisacodilo 5mg
Afrin SP 0,05% – Frasco x 15mL;33;No encontrado
Amoxidal Duo 875 Mg Tabletas;9.7;
Apronax ® 550mg Tabletas Recubiertas;7.6;Naproxeno sódico 550mg
Aspirina 100Mg Tabletas;7;
Bepanthen® Crema – Tubo 100G;71.6;
Bepanthen® Crema – Tubo 30G;25.1;
BioLactol Solución Bebible;3.7;Quinua, Soya, Cebada, Algarrobina,Agua, Sacarina sódica, Esencia de  vainilla y Lactobacillus acidophilus  (vivo). No menor de 105 UFC / mL.
Buscapina 10 mg Gragea;13.5;Hioscina N-butilbromuro 10mg
Canesten 1% Crema antimicótica – Tubo x 20g;15.5;
Cosomidol Solución Oftálmica – Frasco 5 ML;45.2;Dorzolamida 2%| Timolol 0.5%
Dequazol-R 500 mg + 100.000 UI Óvulo Vaginal – Caja 8 Un;69.9;
Dicetel 100 Mg Tableta recubierta – Caja 14 Un;75.4;Bromuro de pinaverio 100mg
Higabiox 500 Mg Capsulas;56;SILIMARINA 500MG
Eutirox 100 Mcg Tabletas;31.3;LEVOTIROXINA SÓDICA 100mcg
Eutirox 25 Mcg Tabletas;15.3;Levotiroxina sódica 25mcg
Eutirox 50 Mcg Tabletas;19.9;Levotiroxina Sódica 50mcg
Fisiodol Forte 2% Gel – Tubo 50 G;19.4;Diclofenaco 2%
Flagystatine 500mg Óvulos Vaginales;54.4;
Frutti Ped Solución Oral Sabor Fresa – Frasco 500 Ml;6.5;CITRATO DE POTASIO MONOHIDRATADO , CITRATO DE SODIO DIHIDRATADO , CLORURO DE SODIO
Fruttiflex 50 Solución Oral Sabor Fresa – Frasco 1 L;8.5;Sacarosa 4g | Citrato de Potasio 0.29g | Cloruro de Sodio 0.12g | Cloruro de Potasio 0.15g | Cloruro de Sodio 0.12g | Sodio Citrato Dihidratado 0.29g
Gaseovet 80 Mg Tableta Masticable;23;Simeticona
Gentabiot 160mg/2ml Solucion Inyectable;10;No encontrado
Gynocanesten® 1% Crema Vaginal;42.2;
Lagosa Tabletas recubiertas – Caja 25 Un;79;Extracto metanólico de frutos cardo maríano seco 240.0 mg| correspondiente a Silimarina 150 mg
Oratadina Allergy 5mg/5ml Jarabe – Frasco 60 mL;16.9;Loratadina 5mg
Panadol 500mg Tableta efervescente;1.2;No encontrado
Preservativos Durex Climax Mutuo – Caja 3 Un;13.2;No encontrado
Cafazolbac 1G Polvo para solución Inyectable – Caja 1 Vial + 1 Solvente;10.6;Ceftriaxona 1g
Ambroxol 30 Mg-5 Ml Jarabe;3.8;Ambroxol 30mg/5mL
Cefalogen 1G I.M Ampolla – Caja 1 Un;15.5;
Bicarbonato Sodio – Pote 100 G;2.4;Bicarbonato de sodio
Panadol Antigripal (Sob/2 Tab);2.5;
Sifacox 400mg Capsula;45;No encontrado
Tonopan 1000 – 20 Tabletas;17.5;Paracetamol 1000 mg
Unial 0.4 % Solución Oftálmica – Frasco 10 ML;42;hialuronato de sodio 0.4%
Unitob-S Suspensión oftálmica – Frasco 5 ML;51.9;
Dolmacaf 1G Tableta;10;Paracetamol 1g
Ketoconazol 200Mg Tabletas – Caja 100 Un;2.1;Ketoconazol 200mg
Paracetamol Gnf 500Mg Tableta;1;
Glucofervet MSM Polvo para Solucion Oral;89.9;No encontrado
Amlodipino 10 mg Tabletas;1.6;Amlodipino 10mg
Captopril 25Mg Tabletas;0.8;Captopril 25mg
Ibuprofeno Gnf 800 Mg Tabletas;2.8;Ibuprofeno 800mg
Mecoxal 500Mg Cápsulas – Caja 100 Un;15;Dicloxacilina 500mg
Panadol Infantil Masticables;2.7;
Atorvastatina 10mg Tabletas Recubiertas – Caja 100 Un;1.8;Atorvastatina 10mg
Azmasol HFA 100Mcg Aerosol Inhalador – Frasco 200 Dosis;15;Salbutamol 100mcg
Dolo Neuropress Forte Tabletas;9.6;No encontrado
Eritromicina 500 Mg Tabletas Recubiertas;6.6;
Orfelax 100Mg Tableta;15;No encontrado
Prednisona 5mg/5ml Jarabe – Frasco 60 ML;6.7;Prednisona 5mg
Trigliout 100Mg Tableta;33;No encontrado
Trinaler 200Mg;18;No encontrado
Valsartan 80 Mg Tabletas;13.5;
Diphazosin 4 Mg XL Tableta;55.9;Doxazosina 4 Mg
Fenacina 5 Mg Tableta Recubierta;95.4;
Flavosex 200 Mg Tabletas Recubiertas;54;Flavoxato 200 Mg
Oriflow 0.4 Mg Cápsula de Liberación Prolongada;41;Tamsulosina 0.4 MG
Clidan B 1% Gel Dérmico;63.1;Clindamicina 1g |Peróxido de Benzoílo 5g
Cloranfenicol 250 Mg-5 Ml Suspensión;8.2;Cloranfenicol 250mg
Cloranfenicol 500 Mg Cápsula;5.9;Cloranfenicol 500mg
Diprofeket 150 Mg Capsulas;39.9;Ketoprofeno 150 mg
Dolomecab Tabletas – Caja 100 Un;12;
Enalapril 20 Mg Tabletas – Caja 100 Un;7.5;Enalapril maleato 20mg
Lamidizol 250mg Tabletas Recubiertas;75;Terbinafina 250mg
Lavidic Long 100Mg Comprimidos Liberación Prolongada;21;
Mebendazol 100 Mg Tabletas;1;Mebendazol 100mg
Mecdols 550Mg Tabletas Recubiertas – Caja 100 Un;15;Naproxeno
Mecoflogan 250Mg/300Mg Tabletas;20;
Mecoloxib 200Mg;25;CELECOXIB 200mg
Medicilina Oral;18;
Metfevril 1G/2Ml Inyectable;7;
Metfor Xr 500Mg;48.5;Metformina 500 MG
Metfor Xr 750Mg;40;Metformina 750 MG
Novalgina 500Mg Tabletas;5.6;No encontrado
Orfenadrina Citrato 100Mg Tabletas;4.9;No encontrado
Prednisona 5mg Tableta – Caja 100 Un;7;Prednisona 5mg
Profeket 100Mg/2Ml Inyectable;150;No encontrado
Quitoso Plus Shampoo;1.6;Permetrina 1%
Systalan Solución Oftálmica;60.8;polietilenglicol 0.4% , propilenglicol 0.3%
Terazosina 5 Mg Tabletas Recubiertas;5.5;Terazosina 5 mg
Tezen 400Mg Masticables;63.5;No encontrado
Valsartan 160 Mg Tabletas;9.3;Valsartan 160mg
Framidex N.F. Solución Oftálmica;8.2;Framicetina sulfato 10mg| Dexametasona fosfato 1mg
Mentholatum Ungüento Lata 18 G;2.9;No encontrado
Amoxicilina Iqf 125 Mg-5 ML Polvo para Suspensión – Frasco 60 Ml;4.9;
Angie 20 Comprimido Recubierto – Caja 28 Un;45;Clormadinona Acetato 2mg|Etinilestradiol 0.02mg
Angie Comprimido Recubierto – Caja 21 Un;40.2;Clormadinona Acetato 2mg| Etinilestradiol 0.03mg
Furazolidona 100 Mg Tabletas – Caja 100 Un;10;Furazolidona 100 mg
Lactulosa 3.3g / 5ml Solución Oral – Frasco 180 ML;15.4;
Loperamida 2 Mg Tabletas – Caja 100 Un;9;Loperamida clorhidrato 2mg
Slinda 4 Mg Comprimido Recubierto – Caja 28 Un;54;Drospirenona 4 mg
AB Broncol NF 1200mg/5ml Polvo para Solucion Inyectable – Caja 1 Un;26;No encontrado
AB Broncol NF 300Mg Suspensión Inyectable – Frasco Vial 1 Un;24.4;Ampicilina benzatínica 200 Mg + Ampicilina sódica 50 Mg + Lidocaína 50 Mg
AB Broncol NF 600Mg Suspensión Inyectable- Frasco Vial1 Un;27.3;
Acaril Crema – Tubo 42 Gr;46.3;Benzoato de bencilo | Azufre
Aceite de Ricino Solución Oral – Frasco 30 Ml;1.8;No encontrado
Aci Basic 400mg+30mg/5ml Uva – Suspensión 150 ML;19.9;No encontrado
Aci-Tip 800mg | 60mg/10ml Suspensión – Frasco 200 ML;23.2;MAGALDRATO 800 mg, SIMETICONA 60 mg
Aciclovir Fmd 5% Crema – Tubo 5 G;2;Aciclovir 5%
Aciclovir Gnf 800 mg Tabletas – Caja 10 un;17.5;No encontrado
Aciclovir 200mg Tabletas – Caja 100 Un;1.6;Aciclovir 200mg
Aciclovir 5% Crema Tópica – Tubo 5 G;2;
Acido Bórico – Pote 50 Gr;3.2;No encontrado
Acnomel Crema – Tubo 30 Gr;21.9;No encontrado
Aeridin 5Mg Tabletas;24.7;No encontrado
Aero-OM 100mg/ml Suspensión Gotas Sabor Fresa – Frasco 15 Ml;16.1;SIMETICONA 100mg
Agua De Azahar – Frasco 120 Ml;1.1;No encontrado
Agua De Azahar – Frasco 1L;4.8;No encontrado
Agua De Azahar – Frasco 240 Ml;1.9;No encontrado
Agua De Azahar – Frasco 500 Ml;6.6;No encontrado
Agua Florida Solución – Frasco 270 Ml;10.9;No encontrado
Agua Oxigenada 10 Volúmenes – Frasco 250 ml;2.8;No encontrado
Ak Trol Nf Suspensión Oftálmica – Frasco 5 Ml;19;Neomicina 3.5mg | Polimixina B Sulfato 6000.000 UI | Dexametasona 1.000mg
Albemax 100mg/5ml Suspension Oral – Frasco 20 Ml;11.8;Albendazol 100mg
Albendazol Ptg – Suspension 20 Ml;2;Albendazol 100mg
Albisec 33.3Mg/166.66Mg – Caja 12 Un;48.3;Secnidazol 166.66mg| Itraconazol 33.3mg
Alcanfor Refinado Pastilla – Caja 16 Un;6.6;No encontrado
Alcohol Medicinal 70° – Frasco 250 Ml;5;No encontrado
Alcohol Medicinal 70° – Frasco 500 ml;7.7;No encontrado
Alcohol Puro 96° – Frasco 120 ML;2.9;No encontrado
Alcohol Puro 96° – Frasco 250 ML;4;No encontrado
Repriman 500 Mg Comprimido;3;Metamizol sódico 500mg
Alergizer 10Mg Tabletas Recubiertas;13;Cetirizina Diclorhidrato 10 mg
Alkoyodo 7.5% Espuma Tópica – Frasco 120 Ml;10;Povidona yodada 7.5%
Allegra 120 Mg Tabletas Recubiertas – Caja 10 Un;42.5;Fexofenadina Clorhidrato 120mg
Ambrokids 15mg/5ml Solucion Oral – Frasco 120 Ml;14.9;No encontrado
Amlodipino Gnf 5Mg Tabletas – Caja 10 Un;1.9;No encontrado
Amlodipino 5 mg Tabletas;0.9;Amlodipino 5mg
Amoxicilina + Ácido Clavulanico Pharg Tabletas – Caja 10 Un;13.5;Amoxicilina 500 Mg + Acido clavulánico 125 Mg
Amoxicilina 500 mg Cápsulas;3.1;
Amoxicilina 250 mg/5 mL Polvo para Suspensión – Frasco 60 Ml;2.9;
Amoxicilina + Ácido Clavulánico Polvo para suspensión – Frasco 60 ml;15.5;
Amoxidal Duo 250 Mg/5 Ml Polvo para Supensión – Frasco 90 Ml;26.6;
Ampicilina 500 Mg Cápsulas – Caja 100 Un;28.5;Ampicilina 500 Mg
Atenolol 100 mg Tabletas;1.2;Atenolol 100mg
Atorvastatina 20mg Tabletas recubiertas – Caja 100 Un;1.8;Atorvastatina 20mg
Avamys 27.5Mcg Aerosol Nasal – Spray 120 Dosis;49.3;FUROATO DE FLUTICASONA 27.5mcg
Azitromicina 200mg/5ml Polvo para suspensión oral – Frasco 15 Ml;5.5;
Azufre Barra – Barra 6 Un;12.1;No encontrado
Azufre Barra Zelt – Barra 2 Un;6.9;No encontrado
Bacterol Forte – Suspension 50 Ml;13.6;No encontrado
Bacterol Infantil – Suspension 60 Ml;18.4;No encontrado
Bactiomax 250mg/5ml Suspension Oral – Frasco 60 Ml;16.6;Amoxicilina 250 Mg
Bactrim 200Mg-40Mg/5Ml Polvo Para Suspensión – Frasco 100 Ml;23.2;
Bactrim Forte 800Mg/160Mg Tabletas;5.2;
Banes Forte 200Mg/5Ml Suspensión Oral – Frasco 60 ML;16.7;Ibuprofeno 200mg
Belara 2Mg/0.03Mg CD – Caja 28 Un;63.1;Acetato de clormadinona 2.00mg | Etinilestradiol 0.03mg
Bellaface 2mg | 0.03mg Tabletas recubiertas – Caja 21 Un;47.7;Dienogest 2mg| Etinilestradiol 0.03mg
Betacort Depot Solucion Inyectable – Caja 1 Un;30.3;No encontrado
Betaduo 1 Ml Inyección – Caja 1 Un;33.3;Betametasona Dipropionato 3mg | Betametasona Fosfato Disódico 6mg
Betaduo 2 10mg | 4mg/2ml Suspensión inyectable – Caja 1 Un;46.5;
Betametasona ACF 0.05% Crema Tópica – Tubo 20 G;2.4;Betametasona 0,05%
Betasporina 1 GR Polvo Solución Inyectable – Caja 1 Un;17.6;
Bi Profenid 150mg Comprimido – Caja 10 Un;46;Ketoprofeno 150mg
Bianos 1 G Tableta – Caja 2 Un;39.2;Secnidazol 1g
BioGaia Protectis 19mg/ml Suspensión Oral – Frasco 5 Ml;54.6;Lactobacilus Reuteri Protectis (DSM 17938) 19mg equivalente ? 4.7×108 UFC
Bismecol 87.33mg/5ml Suspension Oral – Frasco 150 Ml;12.9;Bismuto Subsalicilato 87.33mg
Bismualiv (Sob/2Tab) Tabletas Masticables;1.5;Subsalicilato de bismuto 262.5 mg
Bismutol 262Mg (Sob/2Tab) Tabletas Masticables;1.6;Subsalicilato de Bismuto 262mg
Bismutol 87.33Mg/5Ml – Suspension 340 Ml;24.4;No encontrado
Bladuril 200Mg Comprimidos;52;No encontrado
Brimordin 600 Mg Tabletas Efervescentes;9.2;ACETILCISTEINA 600 MG
Brunelle 2 | 0.03 Mg Comprimido recubierto – Caja 21 Un;39.8;Clormadinona acetato 2mg | Etinilestradiol 0.03mg
Budesma 200mcg Suspension para Inhalacion – Frasco 200 Dosis;63;No encontrado
Budesonida 200Mcg Inhalador – Aerosol 200 Dosis;51;BUDESONIDA 200 MCG
Buscapina Compositum N 10Mg/500Mg Comprimidos;12.1;No encontrado
Calcibone D3 1500mg-800UI Tabletas Recubiertas – Frasco 30 Un;74.9;Citrato de calcio 1500mg|Vitamina D3 800UI
Calcibone D3 Tabletas Recubiertas – Frasco 60 Un;133.3;Citrato de calcio 1500mg|Vitamina D3 800UI
Cardiospirina 100EC Comprimidos con cubierta entérica – Caja 20 Un;18;ACIDO ACETILSALICILICO 100mg
Cefacrol 1G Polvo para Inyección – Caja 1 Un;17.5;
Cefadroxilo Farm 500 Mg Cápsulas;11.1;
Ceftriaxona 1G Inyectable;3.5;
Cefuroxima Pharg 500 Mg Tabletas – Caja 10 Un;42;Cefuroxima 500 Mg
Cetirizina Fmd 10Mg Tabletas;10;Cetirizina 10mg
Cetirizina Ptg 5Mg/5Ml Jarabe – Frasco 60 Ml;3.8;Cetirizina 5mg/5mL
Cgura 0.15mg/0.03mg Tabletas Recubiertas – Caja 21 Un;6.5;Levonorgestrel 0.15mg | Etinilestradiol 0.03mg
Ciprolin 500 Mg Tabletas Recubiertas – Lata 400 G;45;
Cipronor 200 Mg/100 Ml Inyectable IV – Frasco 100 ML;6.7;Ciprofloxacino 200 Mg
Ciriax 500mg Comprimido Recubierto;34.5;
Ciriax Otic 0.2%-1% Suspensión Gotas Oticas – Frasco 5 Ml;26;Ciprofloxacino 2 Mg + Hidrocortisona 10 Mg
Ciruelax Comprimidos;80;Extracto seco de hojas de Cassia angustifolia 75mg
Ciruelax Forte Comprimidos Recubiertos;132;Extracto seco de hojas de Cassia angustifolia Vahl 125mg
Ciruelax Jalea – Pote 150 G;27;Polvo de hojas de Cassia angustifolia Vahl 4,4 g(Equivalente a no menos de 110 mg de Senósidos B) Polvo de frutos de Cassia acutifolia D 2,2 g(Equivalente a no menos de 74,8 mg de Senósidos B) Pulpa de ciruela 13,8 g Pulpa de manzana 23,8 g Semilla de linaza 2,5 g
Clixdin 100mg Ovulo Vaginal – Caja 7 Un;51.8;No encontrado
Clobetasol ACF 0.05% Crema tópica – Tubo 25 G;5.2;Clobetasol 0.05%
Clobetasol FMD 0.05% Crema – Tubo 25 G;4.4;Clobetasol 0.05%
Clobuler Duo Forte 15/0.01mg/5ml Jarabe – Frasco 120 mL;17.7;Ambroxol 15mg | Clenbuterol 0.01mg
Clobuler F 30mg/5ml Jarabe – Frasco 100 Ml;16;Ambroxol
Clorfenamina Maleato 2mg/5 mL – Frasco 120 Ml;2.5;No encontrado
Clorfenamina maleato 4mg Tableta – Caja 100 Un;0.5;Clorfenamina Maleato 4mg
Clotrimazol FMD 1% Crema – Tubo 40 G;8;CLOTRIMAZOL 1 %
Clotrimazol 1% Crema Portugal – Tubo 20 G;2.3;Clotrimazol 1%
Cluvax Cápsula Blanda Vaginal – Caja 3 Un;38.4;Clindamicina + Clotrimazol
Colirio Eyemo 0.05% Solucion oftálmica – Frasco 12 Ml;10.8;tetrahidrozolina 0.05%
Colirio Eyemo 0.05% Solución Oftalmica – Frasco 8 Ml;9.8;Tetrahidrozolina Clorhidrato
Colufase 100mg/5ml Polvo para Suspensión – Frasco 60 ML;31.3;NITAZOXANIDA 100mg
Colufase 500mg Tableta Recubierta – Caja 6 Un;26;NITAZOXANIDA 500mg
Comtrex Antigripal Dia (Sobre 5 Gr);2;Paracetamol 500mg + guaifenesina 200mg + fenilefrina clorhidrato 10mg
Comtrex Antigripal Noche (Sobre 5 Gr);2;Paracetamol 650mg + ácido ascórbico 250mg + clorfenamina maleato 4mg
Crema Adhesiva Corega Ultra Sabor Menta – Tubo 20 G;26.9;No encontrado
Crema Adhesiva Corega Ultra Sabor Menta – Tubo 40 G;38;No encontrado
Crema Adhesiva Corega Ultra sin Sabor – Tubo 20 G;26.9;No encontrado
Crema Adhesiva Corega Ultra sin Sabor – Tubo 40 G;38;No encontrado
Corentel 5Mg Comprimidos;74.9;Bisopropol 5 MG
Cortiflex 50 Mg- 5 Ml Suspensión Inyectable – Frasco 5 Ml;40.5;Acetonido de Triamcinolona 50mg
Cutivate 0.05 % Crema Tópica – Tubo 15 G;54.3;Propionato de fluticasona 0.05%
Decorpred 4mg Tableta – Caja 100 Un;16;Dexametasona 4 mg
Deflazym 30mg Tableta – Caja 10 Un;52;Deflazacort 30 mg
Deflazym 6mg Tableta – Caja 10 Un;28.4;Deflazacort 6mg
Dentigel Frambuesa 7.5% Gel Topico Bucal- Tubo 8 G;19.5;No encontrado
Dermafar D Crema Tópica – Tubo 35 G;18.4;
Dermovate Crema – Tubo 30 Gr;35.2;No encontrado
Dermovate Ungüento – Tubo 40 Gr;48;No encontrado
Desinprox 550Mg Tabletas Recubiertas;15;NAPROXENO SODICO 550 MG
Desloratadina 2.5 mg/5ml Jarabe Genfar – Frasco 60 Ml;22.4;DESLORATADINA 2.5mg
Dexaflam 0.5mg/5ml Jarabe – Frasco 100 Ml;17.9;No encontrado
Dexcortil 4Mg/2Ml Inyectable;8;Dexametasona 4 MG
Dextrometorfano 15Mg/5Ml Jarabe – Frasco120 mL;3.8;DEXTROMETORFANO BROMHIDRATO 15 mg
Diane 35 Grageas – Caja 21 Un;30;Ciproterona 2 MG | Etinilestradiol 0.035 MG
Dibrolax 5Mg Tabletas;10.6;
Diclofenaco Genfar 50 mg Tableta – Caja 30 Un;5;DICLOFENACO SÓDICO 50mg
Diclofenaco 1% Portugal Gel – Tubo 50 G;3.7;Diclofenaco sódico 1g
Dicloxacilina 250mg/5ml Suspensión – Frasco 60 Ml;5.2;
Dicynone 250Mg/2Ml Inyectable – Caja 1 Un;25.5;No encontrado
Dimenhidrinato 50mg Tableta – Caja 100 Un;1;Dimenhidrinato 50mg
Dolofinaldol 2% Gel Tópico – Tubo 50 G;20.9;Diclofenaco dietilamina 2 g
Dolonet Forte 400Mg Capsulas;11.2;Ibuprofeno 400mg
Doloral 100Mg/5Ml – Suspension 60 Ml;13.1;Ibuprofeno 100mg
Doloral 40Mg/Ml – Suspension 15 Ml;14.2;Ibuprofeno 40mg
Dowall’s 415mg/5ml Suspensión Oral – Frasco 150 mL;7.8;Hidróxido de magnesio 415mg/5ml
Doxiproct Plus Pomada – Tubo 12 Gr;31.9;No encontrado
Doxiproct Pomada – Tubo 12 Gr;32.3;No encontrado
Doxium 500Mg Capsulas;32.3;
Dulsuc Tableta Endulzante – Frasco 500 Un;20.9;No encontrado
Duo Ventimax ECO 100 Mcg – 50 Mcg Inhalador – Frasco 200 DSS;40.8;Salbutamol 100mcg | Beclometasona 50mcg
Enalapril Fmd 10Mg Tabletas – Caja 140 Un;7;Enalapril maleato 20mg
Enalapril 10Mg Tabletas – Caja 100 Un;0.6;Enalapril 10mg
Enterogermina Bebibles – Caja 10 Ampollas;37;Esporas de Bacillus clausii 2000 millones
Ergico 2.5mg/5ml Solucion Oral – Frasco 60 Ml;28.5;No encontrado
Esomeprazol 20mg Tabletas de Liberación Retardada – Caja 30 Un;19.7;Esomeprazol 20 mg
Esoton 40 Mg Cápsulas;126.5;Esomeprazol 40 MG
Evalax Polvo para solución oral;6.5;Polietilenglicol 3350 17 G
Farma D 2000 UI Cápsula blanda – Frasco 60 Un;90;Vitamina D3 2000UI
Finartrit Advanced Msm Sobre;120;Glucosamina 1500 MG | Condroitina 200 MG | Metilsulfonilmetano 1500 MG
Flora Balance Bebible Suspension Oral – Caja 10 Un;32;No encontrado
Floratil 250 Mg Capsulas – Caja 10 Un;31.1;Saccharomyces boulardii
Floratil 250 Mg Polvo para Suspensión Oral – Caja 10 Un;33;Saccharomyces boulardii
Floril 0.03% Colirio Gotas Oftalmica – Frasco 8 Ml;8.6;No encontrado
Fluconazol Fmd 150 mg Cápsula – Caja 2 UN;2;Fluconazol 150mg
Flucostat 200Mg – Caja 1 Tab;8.7;No encontrado
Fluibroncol 100mg/5ml Jarabe – Frasco 120 mL;24.5;
Fluimax 100mg/5ml Solución Oral – Frasco 120 mL;22.2;Acetilcisteína 100mg
Fluimucil 300 Mg/3 Ml Solución Inyectable – Caja 5 Un;53.8;Acetilcisteína 300 mg
Fluimucil 600 Mg Comprimidos Efervescentes;3.5;Acetilcisteína 600mg
Flumil 150 mg Cápsula – Caja 1 UN;5.8;Fluconazol 150mg
Freegen 0.5% Solución Oftálmica – Frasco 15 Ml;36.6;carboximetilcelulosa 0.5%
Freegen Gel 1% Solución Oftálmica – Frasco 15 Ml;40.4;carboximetilcelulosa sodica 0.1%
Funcaden 1% Crema Topica – Tubo 20 G;24.4;No encontrado
Furacin Pomada Tópica – Tubo 35 G;52.3;Nitrofural 0.2g
Gaseovet Anis 80Mg/Ml Gotas – Frasco 15 Ml;24.9;Simeticona 80mg
Gaseovet Fresa 80Mg/Ml Gotas – Frasco15 Ml;24.9;Simeticona 80mg
Gaseovet MS 800/60Mg/10ml Suspension Oral – Frasco 220 Ml;27.5;Magaldrato | Simeticona
Gastroaliv 30mg Cápsulas de Liberación Retardada;18;Lansoprazol
Gastroral 800/60mg/10ml Suspension Oral – Frasco 200 Ml;17;Magaldrato Anhidro 800mg | Simeticona 60mg
Gel Lubricante Intimo Love Pleasure – Tubo 120 G;22.4;No encontrado
Gel Lubricante Intimo Love Sensitive – Tubo 120 G;20.7;No encontrado
Gemfibrolip 600Mg Tabletas;36;No encontrado
Gensarna 25% Locion – Frasco 60 Ml;10.5;Benzoato de Bencilo 25%
Gentamicina 0.3% Gotas Oftálmicas – Frasco Gotero 5 Ml;4.8;Gentamicina 3 Mg
Germiderm Crema – Tubo 20 Gr;15;No encontrado
Gingisona B Solución Spray – Frasco 15 Ml;29;Bencidamina clorhidrato 0.30%
Ginna 0.02g/g Crema Vaginal – Tubo 40 Gr;53.5;Nitrato de Fenticonazol 0.02 G
Glibenclamida Iqf 5Mg Tabletas;0.7;No encontrado
Glicenex 850Mg Comprimidos;78.3;Metformina 850 MG
Glicenex Duo 500Mg/2.5Mg Comprimidos;60.7;No encontrado
Glicenex Duo 500Mg/5Mg Comprimidos;65.5;No encontrado
Glicenex Sr 750Mg;51.2;Metformina 750 MG
Glycolax 17 G Polvo para Solución Oral;60;Polietilenglicol 3350 17 g
Gotabiotic Plus Suspensión Oftálmica – Frasco 5 Ml;38.3;Tobramicina 3 Mg + Dexametasona 1 mg
Gravelox 50Mg Tabletas;14;Dimenhidrinato 50 mg
Grifantil Jarabe – Frasco 60 Ml;26.8;Paracetamol 0.1g | Clorfeniramina maleato 0.0025g | Eucaliptol 0.001g | Gomenol 0.001g
Gripa C Junior Tabletas Masticables;3.2;Paracetamol 80 MG | Clorfenamina 1 MG | Fenilefrina 2.5 MG
Hadensa NF 100mg+2.5mg Supositorio – Caja 10 Un;69;Policresuleno 100mg | Cincocaína clorhidrato 2.5mg
Hansaplast Parche Leon Arnica – Sobre 1 Un;7.9;No encontrado
Hidrosona Crema Tópica – Tubo 20 G;28.5;Hidrocortisona Acetato 1%
Hidrotears 0.3% Solución Oftálmica – Frasco 15 Ml;46.4;Hipromelosa 0.30%
Hiedratos 35 Mg-5 Ml Jarabe – Frasco 100 Ml;23.4;No encontrado
Higanatur 500 Mg Cápsula blanda;60;Silmarina 500 MG
Hirudoid Forte Gel – Tubo 14 Gr;24;Poliéster Mucopolisacárido del Ácido sulfúrico 0.445%
Hirudoid Forte Gel – Tubo 25 G;42.5;POLIESTER MUCOPOLISACÁRIDO DEL ÁCIDO SULFÚRICO 0.445%
Hirudoid Forte 0.445% Crema – Tubo 14 G;23.3;Poliéster Mucopolisacárido del Ácido sulfúrico 0.445%
Hirudoid Forte 0.445% Crema – Tubo 25 G;42.5;POLIESTER MUCOPOLISACÁRIDO DEL ÁCIDO SULFÚRICO 0.445%
Hirudoid Pomada – Tubo 14 Gr;13.1;POLIESTER MUCOPOLISACÁRIDO DEL ÁCIDO SULFÚRICO 0.300%
Histalex 5Mg Tabletas;30;Levocetirizina diclorhidrato 5mg
Hongocid Uñas Laca 25% – Frasco 12 ML;62.5;Ácido Undecilenico
Humed 0.3% Lagrimas Artificiales Solución Oftálmica – Frasco 15 Ml;11.9;hipromelosa 0.3%
Hyalo Comfort Solucion oftálmica – Frasco 10 Ml;30.9;Hialuronato de sodio 0.4%
Ibuprofeno 400 Mg Tableta recubierta – Caja 100 Un;13;Ibuprofeno 400mg
Ibuprofeno Gnf 100mg/5ml Suspensión Oral – Frasco 120 ML;5;
Idelle 0.1% Crema Vaginal – Tubo 15 G;35.5;Estriol 0.1g
Irbesartan 150 Mg Tabletas;5.2;Irbesartan 150 mg
Irbesartan 300Mg Tabletas;14.6;Irbesartan 300 mg
Isoface 20mg Cápsulas blandas – Caja 30 Un;144.7;Isotretinoína 20mg
Isoprinosine 250 Mg/5Ml Jarabe – Frasco 120 Ml;85.2;Metisoprinol 250mg
Isoprinosine 500 Mg Tableta – Caja 24 Un;87;Metisoprinol 500mg
Ketoconazol 2% Crema – Tubo 20 G;3.1;Ketoconazol 2%
Ketorolaco Gnf 30Mg/Ml Inyectable Intramuscular Intravenoso;1.8;No encontrado
Lactulosa 3.3G/5Ml Solución Oral – Frasco 120 Ml;10;Lactulosa 3,3g
Lagricel Ofteno 4 mg/mL Solución Oftálmica – Caja 20 UN;87.3;
Lansoprazol 30 mg Genfar Cápsulas – Caja 7 Un;6;Lansoprazol 30mg
Lasix 40Mg Tabletas;17.8;No encontrado
Laxanova NF 4g/4ml Solución Rectal;48;Glicerol 4 g/4ml
Leche Magnesia Cereza 400 MG/5ML – Frasco 120 Ml;8.3;No encontrado
Leche Magnesia Ciruela 400Mg/5Ml – Suspensión 120 Ml;8.3;No encontrado
Leche Magnesia Clasica 425 MG/5ML – Frasco 360 Ml;21.1;No encontrado
Leche Magnesia Clásica 425Mg/5Ml – Suspensión 120 Ml;7.9;No encontrado
Leche Magnesia Kids Durazno 400Mg/5Ml – Suspensión120 Ml;8.3;No encontrado
Lergimax 2mg/5ml Jarabe – Frasco 120 Ml;13.5;Clorfenamina Maleato 2mg
Lergimax 4Mg;5.5;Clorfenamina Maleato 4 mg
Lincocin 600Mg/2Ml Ampolla – Caja 1 Un;24.5;
Lincomicina 600 mg/2ml Solución Inyectable Genfar – Caja 6 Un;15.9;Lincomicina 600 Mg
Lincoplus 600Mg/2Ml Intramuscular Intravenoso Inyectable;13;
Lipebin 3.33g|5ml Solución Oral – Frasco 90 ML;36.2;
Lipelosa 3.33g/5ml Jarabe – Frasco 180 Ml;28.5;Lactulosa 3.33 g
Locarmec 50Mg;55;Losartan 50 mg
Lomecan V 2% Crema Vaginal – Tubo 20 G;36.6;CLOTRIMAZOL 2%
Loralab D 10Mg;10;No encontrado
Loratadina 10Mg Tabletas;0.5;Loratadina 10mg
Loratadina 5Mg/5Ml Jarabe – Frasco 60 Ml;4.7;Loratadina 5mg
Macrodantina XR 100 mg Cápsulas;73.7;Nitrofurantoína 100 mg
Magal -D Suspensión – Frasco 200 Ml;28.5;Magaldrato | Simeticona 540mg | 40mg
Marvelon – Caja 21 Un;18.1;Desogestrel 0.150mg| Etinilestradiol 0.030mg
Mason Calcium Citrate Tableta – Frasco 60 Un;71.9;No encontrado
Mason Lecithin Soya 1200mg Capsula Blanda – Frasco 100 Un;75.9;No encontrado
Mebendazol IQ 100mg/5ml Suspensión oral – Frasco 30 mL;4.2;Mebendazol 100mg
Mecodolfen 100mg/5ml Suspensión Oral – Frasco 60 Ml;9.9;Ibuprofeno 100mg/5mL
Mecofase 100mg/5ml Suspensiòn Oral – Frasco 60 Ml;33.5;NITAZOXANIDA 100 mg
Mecoflaxin 500Mg Tableta Recubierta – Caja 10 Un;55;Levofloxacino 500 Mg
Mecoflaxin 750mg Tableta Recubierta – Caja 7 Un;52.5;Levofloxacino 750 Mg
Mecohelix 35mg/5ml Jarabe – Frasco 120 Ml;17.9;Hedera Helix
Meconadol 120mg/5ml Solución Oral – Frasco 120 Ml;13.9;Paracetamol 120mg
Mecoprasol 40 Mg;39.4;Esomeprazol 40mg
Mecoxibac CL F 875/125mg Tableta Recubierta – Caja 10 Un;58;Amoxicilina 875 Mg + Acido clavulánico 125 Mg
Medicilina 1’000,000 UI Polvo para Solucion Inyectable – Caja 1 Un;26.9;
Medicortil 10mg/1mg/ml Solucion Oftalmica – Frasco 2.5 Ml;10.2;Framicetina Sulfato 10 mg | Dexametasona Fosfato 1 mg
Medipiel B Crema – Tubo 20 G;15.5;BETAMETASONA DIPROPIONATO 0.064 gr , CLOTRIMAZOL 1 gr , GENTAMICINA SULFATO 0.17 gr
Mentholatum Ungüento- Pote 30 Gr;6.9;No encontrado
Mentholatum Ungüento- Pote 85 Gr;12.5;No encontrado
Merifar 10Mg/2Ml Im Iv Inyectable;15.2;No encontrado
Merifar 4mg/ml Solucion Oral Gotas – Frasco 15 Ml;18.9;No encontrado
Mesigyna Instayect X1 Jeringa + Inyectable – Caja 1 Inyectable;20;Noretisterona 5 MG | Estradiol 50 MG
Metformina 500mg Tabletas recubiertas;15.3;Metformina 500mg
Metformina Gnf 850mg Tabletas recubiertas – Caja 30 Un;9.7;No encontrado
Metrodil 500mg Ovulo Vaginal – Caja 10 Un;24;No encontrado
Metrofem L Ovulo Vaginal – Caja 10 Un;36;No encontrado
Metronidazol 250Mg/5Ml – Suspensión 60 Ml;6.2;Metronidazol 250mg
Micodym 1% Crema Topica – Tubo 30 G;18.9;No encontrado
Microgynon Grageas – Caja 21 un;9.6;Microgynon levonorgestrel 0.15 mg + etinilestradiol 0.03 mg
Minociclina 100mg Cápsula – Caja 10 Un;28.8;No encontrado
Mometaliv 0.1% Crema Topica – Tubo 15 G;19.1;No encontrado
Monurol 3G Granulado para Solución Oral – Caja 1 Un;61.4;
Moviflex – Spray 30 ML;37.7;No encontrado
Moviflex – Spray 50 ML;44.7;Indometacina 8mg
Mucosolvan 30mg/5ml Jarabe Adulto – Frasco 120 Ml;27;Ambroxol  30mg/5ml
Mucosolvan Compositum Pediátrico 7.5mg-0.005 mg /5ml Jarabe – Frasco 120ml;30.4;Ambroxol clorhidrato 7.5mg|Clenbuterol clorhidrato 0.005mg/5ml
Mucosolvan Compositum 15mg – 0.01 mg/5ml Jarabe – Frasco 120 Ml;26.1;Ambroxol 15mg | Clenbuterol 0.01mg
Mucotrim 7.5mg/ml Suspensión Oral Gotas – Frasco 20 mL;17;Ambroxol 7.5 mg
Mucotrim Dilat Jarabe – Frasco 120 Ml;20.5;Ambroxol 15ml | Clenbuterol 7.5ml
Mucovit Crema – Tubo 30 Gr;26;Retinol (VIT A) 5.000 UI | Alfa Tocoferol (VIT E) 10 MG | Dexpantenol 50 MG
Multi Confort Solucion Multiproposito – Frasco 60 Ml;17.5;No encontrado
Multiderm Crema – Tubo 10 G;17;CLOTRIMAZOL 1g, GENTAMICINA 0.1g, BETAMETASONA 0.05g
Multiflora Advance Cápsula – Caja 30 Un;98.9;Probióticos
Mupibiot 2% Ungüento Tópico – Tubo 15 G;25.9;Mupirocina 2g
Muvett 300 Mg Tabletas;53.7;
Muvett SM Tabletas – Caja 21 UN;61;No encontrado
Nasodil Solucion Gotas Nasales – Frasco 15 Ml;7.5;CLORURO DE SODIO 9 mg
Nastizol Junior Tabletas Masticables;6.2;Paracetamol 80.0mg | Clorfenamina maleato 1.0mg | Fenilefrina clorhidrato 2.5mg
Nepafen 0.1% Suspensión Oftálmica – Frasco 5 Ml;68;Nepafenaco 0.1%
Neumocort 200 Mcg/dosis Aerosol para inhalación – Frasco 200 Dss;61.5;Budesonida 200mcg/dosis
Nikzon Tabletas Masticables;12.8;Extracto estandarizado de raíz de Ruscus aculeatus | Lactobacillus sporogenes | Ácido Poliglicólico
Nimocitan K Tableta de Liberacion Prolongada – Frasco 14 Un;17.8;No encontrado
Nitoxadin 500mg Tableta Recubierta – Caja 6 Un;27;Nitazoxanida 500mg
Nodial Crema Dérmica – Tubo 10 G;11.3;Clotrimazol 1g | Gentamicina 0.1g | Betametasona 0.05mg
Nopucid 10 (Shampoo Y accondicionador) 2 en 1 Sachets;2.5;Permetrina 1%
Norflex Plus 35 Mg- 450 Mg Tabletas – Caja 10 Un;28;Orfenadrina Citrato 35mg | Paracetamol 450mg
Normix 200 Mg Tabletas Recubiertas – Caja 12 Un;62.4;
Notil Crema – Tubo10 Gr;14.4;No encontrado
Novocortil 1% Crema – Tubo 20 G;30.1;Hidrocortisona Acetato 1%
Nucleo CMP Forte Cápsulas – Caja 20 Un;66;Citidin 5 monofosfato disódico 5mg | Uridin 5 trifosfato trisódico 5mg | Uridin 5 difosfato disódico 5mg | Uridin 5 monofosfato disódico 5mg
Olomuc Solución oftálmica – Frasco 5 Ml;49.3;olopatadina 0.2%
Omeprazol Ptg 20mg Cápsula de Liberación Retardada – Caja 100 UN;14;Omeprazol 20mg
Oralsone Topic Solución Tópica – Frasco 20 mL;26.9;Extracto hidroalcohólico de Ruibarbo 5g | Ácido salicílico 1g
Oseomax 70Mg Tableta – Caja 4 Un;25.6;
Otidol Solución otica – Frasco 5 Ml;14.4;Polimixina B sulfato 10 000 UI|Neomicina sulfato 5.0 mg |Furaltadona clorhidrato 4 mg| fluorhidrocortisona 1 mg
Otozambon NF Gotas – Frasco 10 Ml;18.2;No encontrado
Oxido De Zinc Alkofarma Polvo – Frasco 50 G;4.5;No encontrado
Paltomiel Adulto – Jarabe 200 Ml;18.9;No encontrado
Panadol 100mg/ml Solución oral gotas – Frasco 15 ML;15;
Panadol 160mg/5ml Jarabe – Frasco 60 ML;15;
Paracetamol 100mg/ml Solución oral gotas – Frasco 10 ML;1.5;
Paracetamol Ptg 120Mg/5Ml C/Caja – Jarabe 120 Ml;3.4;Paracetamol 120mg
Paracetamol Ptg 120Mg/5Ml Jarabe – Jarabe 60 Ml;2.1;Paracetamol 120mg
Piascledine 300 Mg Cápsula;167;Persea Gratissima 200 MG | Glycine Max 100 MG
Pirantel 250mg/5ml Suspensión Genfar – Frasco 15 Ml;5.3;Pirantel Pamoato 250mg
Pluserec 100mg Tableta Recubierta – Caja 2 Un;21.8;Sildenafilo 100mg
Pluserec 50mg Tableta Recubierta – Caja 4 Un;31.6;Sildenafilo 50mg
Polilax Polvo Sobres;5.7;Polietilenglicol 3350
Predcort 25mg/5ml Solucion Oral – Frasco 60 Ml;28.5;No encontrado
Prednisona 50mg Tableta – Caja 100 Un;4.5;Prednisona 50mg
Pregabalina 150 Mg Cápsula;22.3;Pregabalina 150 MG
Pregabalina 75 Mg Cápsula;15;Pregabalina 75 Mg
Preservativo Sensation Manzana Liso – Caja 3 Un;5;No encontrado
Preservativo Sensation Vainilla con Anillos – Caja 3 Un;5;No encontrado
Preservativos Durex Clásico – Caja 3 Un;7.8;No encontrado
Preservativos Durex Máximo Placer – Caja 3 Un;10.7;No encontrado
Preservativos Durex Placer Prolongado – Caja 3 Un;11.1;No encontrado
Presevativos Sensation Fresa con Puntos – Caja 3 Un;5;No encontrado
Presicaptil 25Mg;14.5;CAPTOPRIL 25 mg
Profeket 2.5% Gel – Tubo 30 G;25.4;Ketoprofeno
Propoleo Superfood Jarabe – Frasco 220 Ml;25.9;No encontrado
Prostanatur 320 Mg Capsulas;87;EXTRACTO DE SERENOA REPENS 320 mg
Pyridium 100Mg;16.5;No encontrado
Qlaira Comprimidos Recubiertos – Caja 28 Un;52.5;
Quadriderm Extra Sp Crema – Tubo 10 Gr;14.4;CLOTRIMAZOL 1g, BETAMETASONA 0.05g, GENTAMICINA 0.1g
Ragilon 40mg Comprimidos – Caja 10 Un;11.8;No encontrado
Refreskan-T Plus Solución oftálmica – Frasco 15 Ml;32.8;Carmelosa (Carboximetilcelulosa Sódica) 5mg
Reumafrost NF Ungüento – Pote 100 G;19.9;Salicilato de metilo 20.0g, Alcanfor 5.0 g, Mentol 1.0g, Aceite esencial de trementina 0.8g
Rigaminol 160mg/2ml Solucion Inyectable – Caja 1 Un;20;Gentamicina 160 Mg
Roxtrim Forte 400/80mg/5ml Suspensión Oral – Frasco 60 Ml;16;
Rynat D Gotas Nasales – Frasco 15 Ml;25.8;
Sal De Andrews Efervecente;0.9;Sodio Bicarbonato | Magnesio Sulfato
Sal De Andrews Triple Accion;1.2;Sodio Bicarbonato | Paracetamol | Cafeína
Salbutamol Phg 100Mcg Inhalador – Aerosol 200 Dosis;7.5;No encontrado
Salbutamol 2 Mg/5 Ml Jarabe – Frasco 120 ML;2.7;Salbutamol 2 Mg
Secnidazol Gnf 500 Mg – Caja 4 Un;5.9;No encontrado
Selene 0.035mg-2.0mg Comprimido Recubierto – Caja 21 Un;32.4;Etinilestradiol 0.035mg|Acetato de Ciproterona 2.0mg
Seretide 25 Mcg-125 Mcg/ Dosis – Frasco 120 Dosis;172.8;Fluticasona 125 Mcg + Salmeterol 35.7 Mcg
Serotocaf 250mg/5ml Suspensión Oral – Frasco 60 Ml;23.2;No encontrado
Shampoo Nopucid 10 2en1 – Frasco 60 Ml;19.9;Permetrina 1%
Shampoo Quitoso Plus 1% – Frasco 60 Ml;16.6;Permetrina 1%
Sildenafilo Mfn 100Mg – Caja 1 Un;2.8;Sildenafilo 100mg
Silka Medic Gel 1% – Tubo 15 Gr;22.5;No encontrado
Sitiderm NF Crema – Tubo 10 G;9.1;Betametasona 0.050g| Gentamicina 0.100g|Clotrimazol 1.000g
Solouna 5 Solucion Inyectable – Caja 1 Un;17.7;Noretisterona 50mg | Valerato de Estradiol 5mg
Soluna NF Solución Inyectable – Caja 1 Un;24.3;
Solutres 150 mg/ml Solución Inyectable – Caja 1 Un;25.7;Acetato de medroxiprogesterona 150mg
Sucralflam 1G/5ml Suspension Oral – Frasco 200 Ml;29.9;Sucralfato 1g/5mL
Supositorio De Glicerina Para Niños Uso Rectal – Caja 100 Un;35.9;No encontrado
Supositorio Glicerina Adulto;3.9;Glicerina
Systalan Ultra Solución Oftálmica – Frasco 10 Ml;57;polietilenglicol 0.4%
"propilenglico 0.3%""";;
Tamisa 20 – Caja 21 Un;27.2;No encontrado
Tamsulon Duo 0.5 – 0.4 Mg Cápsula – Caja 30 UN;167;
Tensodox 5Mg;39.5;
Terbifun 1% Solucion Tópica Spray – Frasco 30 Ml;27.5;No encontrado
Terbinafina 1% Crema – Tubo 20 G;5;Clorhidrato de terbinafina 1g
Alcohol Medicinal 70° – Frasco 120 Ml;2.5;No encontrado
Terramisol- A Ungüento Oftálmico – Tubo 6 G;11.6;Oxitetraciclina 0.5g | Polimixina B 1000.000 UI
Tiazid 12.5 Mg Tableta;10.4;Hidroclorotiazida 125 MG
Tiazid 25 Mg Tableta;12;Hidroclorotiazida 25 MG
Tilo Infusión En Hojas Sobre – Caja 50 Un;30;No encontrado
Tinidazol 500 mg Tableta Recubierta Genfar – Caja 8 Un;6.8;TINIDAZOL 500mg
Tintura de Árnica Solución – Frasco 30 ML;1.7;No encontrado
Topicrem Crema – Tubo 10 G;11.9;CLOTRIMAZOL 1.00g, GENTAMICINA 0.10g, BETAMETASONA 0.05g
Topimicyn NF Ungüento Antibacteriano – Tubo 14 G;23.8;Hidrocortisona 1g + Neomicina 350 mg + Polimixina B 500 000 Ui + Bacitracina 40 000 Ui
Tosalbron Infantil 28mg/5ml Jarabe – Frasco 100 Ml;14.4;Oxolamina 28mg
Tosalbron NF Adulto 50mg/5ml Jarabe – Frasco 100 Ml;15.3;Oxolamina Citrato 50mg
Transamin 250Mg – Caja 12 Un;58.2;No encontrado
Trinaler 5% Crema Topica – Tubo 10 G;32.5;No encontrado
Tropivag Cápsula Vaginal – Frasco 14 Un;47.8;
Tructum 0.3% Solución Ótica – Frasco 10 Ml;73.4;Ofloxacino 0.30%
Ulcestop 20Mg;10;
Urocit K 1080Mg – Frasco 14 UN;33.6;No encontrado
Urofurin 25mg/5ml Suspension Oral – Frasco 120 Ml;31.4;
Vagisten 0.5 Mg Óvulo – Caja 10 Un;51;Estriol 0.5mg
Vagisten Crema Vaginal – Tubo 15 Gr;36.9;Estriol 0,1%
Varidem Gel Antivaricoso – Tubo 40 G;33.9;No encontrado
Varixina 50 Mg Cápsula Blandas;30;ESCINA 50 mg
Varixina gel – Tubo 40 G;46.7;Extracto de Aesculus Hippocast 1 G
Vaselina Reuter Grande Con Perfume – Lata 1 Un;2;No encontrado
Vaselina Reuter Grande Sin Perfume – Lata 1 Un;2;No encontrado
Vasotenal EZ 20/10 Comprimido Recubierto;109.5;EZETIMIBA 10 mg, SIMVASTATINA 10 mg
Ventimax 100Mcg Inhalador – Aerosol 250 Dosis;27;
Ventolin 100mcg Suspension para Inhalacion – Frasco 200 Dosis;22;No encontrado
Vinagre Bully – Frasco 120 Ml;1.6;Ácido acético | Esencia de limón | Esencia de canela | Esencia de lavanda| Esencia de bergamota | Colorante amarillo | Colorante rojo | Alcohol etílico 96°
Vinagre Bully – Frasco 240 Ml;5.3;No encontrado
Vinagre Tipo Bully – Frasco 500 Ml;7.3;Ácido acético 3,0ml | Esencia de limón 0.1ml | Esencia de canela 0.1ml | Esencia de lavanda 0.1ml| Esencia de bergamota 0.1ml | Colorante amarillo 0.14mg | Colorante rojo 0.07mg | Alcohol etílico 96° 51.0ml
Violeta Genciana – Frasco 30 Ml;1.6;Violeta de Genciana
Violeta Genciana – Frasco 60 Ml;2.7;No encontrado
Xeniler 10mg/ml Solucion Oral Gotas – Frasco 15 Ml;25.5;No encontrado
Xilocaina 2% Jalea Tópica – Tubo 30 G;24.5;Lidocaína Clorhidrato 2%
Xilonest 5% Pomada – Tubo 10 Gr;29.5;No encontrado
Yasmin – Caja 21 Un;35.5;No encontrado
Yasminiq – Caja 28 Un;46.3;No encontrado
Zetaler 10Mg/Ml Gotas – Frasco 15 Ml;34.8;No encontrado
Zinasen 10Mg;54.6;
Zmol 100Mg/Ml Solucion Oral Gotas – Frasco 15 Ml;9.5;No encontrado
Zoltum 40Mg – Caja 14 Un;92.9;No encontrado
