Producto;Precio
Pack 01 Vaporal 100gr + 01 Vaporal Lata;14.46
Bio-oil Solución Tópico;
;86.6
;
;
;
Zaridon 1G Tableta Recubierta;
;
Teragran 1G Tableta;
;
Mystol 200Mcg Tableta;
;
Sal De Andrews Clasica Polvo Efervescente Para Solucion Oral;124
;
Respira Mejor Tiras Nasasales Para Piel Seca/Sensible;
;
Respira Mejor Tiras Nasales Para Piel Normal;144
;
Biopower Probiotico + Prebiotico;
;
Pack 02 Systane Hidratación SP;129.9
;
Pack Abriflu + Vaporal 100gr;
;
Pack 07 Sobres Pharamol Antigripal+ 01 Abriflu;90
;
Pack 07 Sobres Pharamol Antigripal + 01 Vaporal Lata;
;
Pack 01 Vaporal 100gr + 01 Vaporal Lata;30.9
;
Leche Magnesia Phillip 400Mg/5Ml Suspensión Oral;
;
Leche Magnesia Phillip 400Mg/5Ml Suspensión Oral;30.9
;
Gripalert Plus Nf Tableta;
;
Prodefen Plus D Polvo Oral;49.4
;
Probiocyan Cápsula;
;
Lacto Cereal Cápsula;258.4
;
Gastroplus 200 mg Cápsula;180.8
;
Neo Charcot 20% Ungüento;
;
Consulta Médica General Aliviamed;30.6
;
Vick Vaporub Ungüento tópico;22.3
;
Panadol Antigripal NF Tableta;
;
Enterogermina Suspensión Oral;30.66
;
Systane Ultra Solución Oftálmica - Frasco 10 ML;22.4
;
Antitranspirante Perspirex Strong Roll-On;
;
Vick Vaporub Ungüento tópico;14.52
;
Biogaia Protectis Baby Gotas suspensión Oral;12.2
;
Vitapyrena Forte Antigripal Sabor Miel y Limón - Caja 50 UN;
;
Loción de Limpieza Facial Cetaphil Piel Grasa;14.46
;
Antitranspirante Perspirex Original Roll-On;8.8
;
Vick Vaporub Ungüento tópico;
;
BioGaia Protectis 19mg/ml Suspensión Oral;8.1
;
Vick 44 Jarabe;
;
Panadol Niños 160mg/5ml Jarabe;21.7
;
Panadol Pediátrico 100mg/ml Solución Oral;
;
Multiflora Advance Cápsula;109
;
Multiflora Plus Cápsula;
;
Antitranspirante Perspirex Confort Roll-On;92.2
;
Systane Complete 0.6% Emulsión oftálmica;
;
Bio-oil Solución Tópico;143.1
;
Enterogermina Plus 4000 millones (4 millardos)/5mL Suspensión Oral;
;
Espuma de Limpieza Cetaphil Pro AC Control;150
;
Loción de Limpieza Cetaphil Piel Sensible y Seca;
;
Bismutol 262 Mg Tableta Masticable;77.25
;
Gaseovet 80mg/ml Suspensión Gotas Sabor Fresa;
;
Aci-Tip 800mg-60mg/10ml Suspensión - Frasco 200 ML;25.7
;
Abrilar EA 575 Jarabe;
;
Loción Hidratante Cetaphil Pro AC Control FPS 30;19
;
Bismutol 87.33mg /5ml Suspensión Oral Sin Azúcar - Frasco 340 ML;
;
Floratil 250 Mg Cápsula;16.6
;
Nastizol Antigripal Forte Comprimido;
;
Abrilar EA 575 Jarabe;2.2
;
Antitranspirante Perspirex Loción Para Pies;
;
Barra Limpiadora Cetaphil Piel Sensible;3.7
;
Doloral Forte 200 mg/ 5 mL Suspensión Oral;2.7
;
Bio-Oil Solución Tópica;
;
Multiflora Polvo para Suspensión;80.1
;
Doloral 100mg/5ml Suspensión Oral;60
;
Systane 0.4 % + 0.3 % Gel Oftálmico;
;
Bismutol 87.33 Mg/5 Ml Suspensión Oral Sin Azúcar - Frasco 150 ML;62.1
;
Bicarbonato de Sodio en Polvo para Solución Oral;51.2
;
Flaviston Junior NF 80mg + 0.5mg + 1.25mg Tabletas Masticables;
;
Biogaia Protectis Sabor Naranja Con Vitamina D3 100 Millones De Ufc + 400Ui Tableta Masticable;10.5
;
Bagolife Cápsula;9.4
;
Bi-Flora 11 Cápsula;
;
Multifrost Flex. 20% Ungüento;71.6
;
Multifrost Flex. 20% Ungüento;64.4
;
Multifrost Forte 30%+8% Crema;
;
Parche Dolotronik;2.4
;
Pack 02 Antitranspirante Perspirex Confort Roll-On;
;
Pack 02 Antitranspirante Perspirex Strong Roll-On;79
;
Pack 02 Antitranspirante Perspirex Original Roll-On;63.2
;
Bismuplus 87,33Mg/5Ml Suspensión Oral;
;
Reuma Sol NF Unguento;62.1
;
Reuma Sol NF Unguento;51.2
;
Cetaphil Sun FPS 50 sin Color;
;
Cetaphil Sun FPS 50 con Color;2.9
;
Pack 02 Systane Complete 0.6% Emulsión oftálmica;
;
Pack 02 Pepto-Bismol Sabor Cereza 525mg / 30ml Suspensión Oral;54.6
;
Vaporal Original Pomada;49.1
;
Vaporal Original Pomada en Lata;
;
Parche Térmico León Parche Cutáneo;18.8
;
Crema Hidratante Facial Cetaphil Optimal Hydration;16.9
;
Sérum Refrescante para Contorno de Ojos Cetaphil Optimal Hydration;
;
Sérum Facial Cetaphil Optimal Hydration;14.1
;
Pack Multiflora Polvo para Suspensión + Fin Artrit Advanced Polvo para Solución Oral;
;
Ki-Cab 50mg Tableta Recubierta;14.3
;
Caramelo Duro con Sabor a Jengibre Miel y Menta Tukeli;
;
Caramelos con Sabor a Menta Tukeli Hedera Helix;99.3
;
Pepto-Bismol Sabor Cereza 525mg / 30ml Suspensión Oral;
;
Pepto-Bismol Sabor Cereza 525mg / 30ml Suspensión Oral;96.9
;
Pack 01 Systane Oftálmica + 01 Vitalux Plus NF Tabletas de Liberación Prolongada;
;
Pack 02 Systane Ultra Solución Oftálmica;62.1
;
Pack 02 Opti-Free Express Solución Desinfectante Multipropósito;51.2
;
Pack 05 Sobres de Hidrolágeno Q10 + 01 sobre de Multiflora Polvo;
;
Pack 03 Sobres de Pharamol Antigripal + 01 Termómetro Digital Punta Rígida;108
;
Subsalicilato de Bismuto 87.33mg/5ml Suspención Oral;81.2
;
Daeha Capsula;
;
Sun Garlic Pearls 0.625mg Cápsula Blanda;86.6
;
Pack Vick Vaporub 50gr + 02 Blíster Grip-10 Comprimido Recubierto;60.6
;
Pack Vick Vaporub Ungüento Tópico 100Gr + 02 Blíster Grip-10 Comprimido Recubierto;
;
Pack 02 Blíster Grip-10 Comprimido Recubierto;47.8
;
Pack Abrilar EA 575 Jarabe + 01 Blíster de Isla Mint Pastilla;35.8
;
Grip-10 Comprimido Recubierto;
;
Menthobióticos 3mg Pastilla para Chupar;101.9
;
Pharamol 100 mg/ml Pediátrico Solución Oral;81.5
;
Pharamol 160 mg/5ml Pediátrico Solución Oral;
;
Pharamol Antigripal 500 mg + 5 mg + 2 mg Tableta Recubierta;110.9
;
Gel Restaurador de la Piel Cetaphil Optimal Hydration;88.7
;
KI-CAB 50mg Tableta Recubierta;
;
Disfruta Limón 1.871 g + 1.398 g Gránulos Efervescentes;0.9
;
Multigermina Plus 10.000 millones Suspensión Oral;
;
Colinox 36mg Suspensión Oral;22.6
;
Pack Vick Vaporub 50Gr + 03 Vick Vitapyrena Forte;
;
Pack Vick Vaporub 50Gr + Vick Vitapyrena Forte;23
;
Pack 03 Vick Vitapyrena Sobres;
;
Pack Vick Vaporub 100Gr + Vick Vitapyrena Forte;35
;
Pack 03 Blíster Neurobion;32.2
;
Pack Vick Vaporub 100Gr + 03 Vick Vitapyrena Forte;
;
Nestle Nancare Protect en Gotas;117.6
;
Nestle Nancare Comfort 0.0054 g Polvo Oral;
;
BIOLACTERI-PD 19mg/mL Suspensión oral;24.4
;
Smartprol Parche Transdérmico;
;
Bronquioflemitoss Forte Rapid 70mg Cápsula;31
;
Bonagermin Plus 4000 millones UFC/ 5 mL Suspesión Oral;
;
Bio oil loción corporal;11
;
Amigdazol Plus Comprimidos;
;
Pack Vick VapoRub 100 Gr + Vick 44 Jarabe Sabor Cereza 120 ML;24
;
Pack Vick VapoRub 50 Gr + Vick Primera Defensa Solución Nasal 15 ML;
;
Pack Vick VapoRub 50 Gr + Vick 44 Jarabe Sabor Cereza 120 ML;112
;
Pack Vick VapoRub 100 Gr + Vick Primera Defensa Solución Nasal 15 ML;92.3
;
Pack Vick 44 Jarabe Sabor Cereza 120 ML;
;
Pack Vick VapoRub Ungüento 100 Gr;75.6
;
QG5 166.6 mg Tableta;60.4
;
Abrimed 70mg/5ml Solución Oral;
;
Reumafrost NF Ungüento;19.5
;
Reumafrost NF Ungüento;
;
Torante 1.5g/100ml Solución oral;47.7
;
Miodel Relax NF 450mg+35mg Tableta Recubierta;33.3
;
ALCANFOR REFINADO MIFARMA BLISTER;
;
Misoprostol 200mcg Tableta;70
;
Fulgrip Forte 325mg + 5mg + 10mg Comprimido recubierto;
;
Leflumard 20mg Tableta recubierta;9.9
;
Adax Flu 100MG/15MG/ML Suspensión Oral;
;
Cortafan NF 200mg/5mL Suspensión oral;125.9
;
Bismosan 87.33 mg/5mL Suspension Oral;94.4
;
Tukol (10mg+100mg)/5mL Solución Oral;
;
Dolmigran 500mg+ 150mg Tableta Recubierta;14.5
;
Don Grippa 500mg+5mg+2mg Tableta Recubierta;
;
BIO-OIL Gel para piel seca;18.1
;
BIO-OIL Gel para piel seca;
;
Tukhelix Jarabe;110.88
;
Broncolyn-E Solución Oral;
;
Pala Fiebre 120mg/5ml Solución Oral;101.3
;
Parche Adhesivo Pantera;91.1
;
Multi-bioticos Caramelos duros con sabor a Chicha sin Azúcar;
;
Multi-bioticos Caramelos duros con sabor a Menta y Miel sin Azúcar;97.8
;
Vick Primera Defensa;
;
Abrilar EA 575 Jarabe Sabor a Mentol;80.8
;
Hedera Helix GEF 39.5mg/5ml Jarabe;
;
Biogaia GTI Tableta Masticable;17.4
;
Bekoool Parche Gel;
;
Fulgrip Allergy Noche Comprimido Recubierto;26.6
;
Bonaflora Cápsula;
;
Bonaflora Polvo para solución oral;26.6
;
Broncopulmin NF 7.5mg-5mg Pastilla Dura;
;
Gel Ligero Cetaphil Sun FPS 50+ Muy Alta Protección;45.5
;
Buk Caramelos Sabor Limon en Sobre;
;
Buk Caramelos Sabor Naranja en Sobre;124.2
;
Leche Magnesia Ciruela 400 mg/5ml Suspensión oral;102.5
;
Bengay Gel;
;
Evecare Cápsulas;124.2
;
Bagovital Inmune Polvo sobre;102.5
;
Nulacin 87.33/5ml Jarabe Sin azucar;
;
Biogermin Solución oral gotas;124.2
;
Bagovital Digest Polvo sobre;102.5
;
Bismualiv 87.33mg/5ml Suspensión;
;
Florbact Z Cápsula;11.1
;
Himcocid Suspensión oral;
;
Panpure 20mg Tableta de Liberación Retardada;20.7
;
Miflora LBS Polvo;
;
Panadol Forte Tableta;15.3
;
Tapones para Oídos con Cordón Nexcare - Caja 2 UN;
;
Assis 400 Mg-30 Mg/5 Ml Suspensión;104.8
;
Loción Limpiadora Cetaphil Piel Sensible;
;
Crema Hidratante Cetaphil Piel Sensible;104.8
;
Cetaphil loción humectante Frasco 473 ML;
;
Pharmalatum E Jarabe - Frasco 120 ML;216
;
Bronquio Flemitoss Jarabe;129.9
;
Bisolvon® Para Niños 4mg/5ml Jarabe;
;
Bio-oil Solución Tópico;52.4
;
Loción Liposomal Cetaphil Sun Kids FPS 50+ Muy Alta Protección;44.5
;
Koflet Jarabe;
;
Loción Ultra Humectante Cetaphil Piel Seca y Sensible;12.4
;
Limpiador Cetaphil Pro AD Control;
;
Hidratante Cetaphil Pro AD Control;24.72
;
Bicarbonato de Sodio Polvo - Frasco 100 G;
;
Tukol-D Jarabe;8.5
;
BabyBalm Vick Bálsamo - Pote 50 G;6.3
;
Multi-bioticos Pastilla dura con sabor a Naranja;
;
Multi-bioticos Pastilla dura con sabor a Mentol y Eucaliptol;180.1
;
Bicarbonato de sodio 100g Polvo para Solución Oral;
;
Mucosolvan 30mg/5ml Jarabe Adulto - Frasco 120 ML;150.2
;
Bisolvon 8mg/5ml Jarabe Adultos - Frasco 120 ML;
;
Systane Solución Oftálmica - Frasco 15 ML;174.9
;
Systane Balance Emulsión Oftálmica - Frasco 10 ML;
;
Trio-Val NF Comprimido Recubierto - Caja 80 UN;9.34
;
Nastizol junior NF Antigripal Comprimidos masticables;
;
Flaviston Junior Tableta Masticable;139
;
Doloral 40 mg/mL Suspensión oral gotas;
;
Voltaren 1 % Emulgel - Tubo 100 G;2.57
;
Nonpiron 100mg/5ml Suspensión Oral;
;
Mejoral 500 mg - 30 mg Tabletas - Caja 200 UN;2.57
;
Dolo-Quimagésico Aerosol;
;
Panadol 500mg Tableta Efervescente;15.5
;
Panadol 80 Mg Tableta Masticable;13.9
;
Gofen 200 Mg Cápsula Blanda - Caja 60 UN;
;
Floratil 250 Mg Polvo para Suspensión Oral;26.2
;
Florea cápsulas;23.5
;
Biogaia Comprimido Masticable Sabor Limón;
;
Alflorex 20mg Polvo para suspensión oral;165.9
;
Gaseovet MS 800mg-60mg / 10 mL Suspensión Oral - Frasco 220 ML;91.2
;
Aci Basic 400mg-30mg/5ml Suspensión Oral;
;
Bismucar 262mg Tableta Masticable;160.2
;
Aci Basic 400mg-30mg/5ml Suspensión Oral;96.1
;
Parche Transdérmico Gutong Tiegao;
;
Leche De Magnesia 400mg/5ml Phillips Kids Suspensión Oral;75.2
;
Argol 87.33mg/5ml Suspensión Oral;48.8
;
Bismualiv 262.5 Mg Tableta Masticable;
;
Nocidex 400mg-30mg/ 5mL Suspensión;26.35
;
Hansaplast Parche León Árnica 12cm x 18 cm;
;
Paltomiel Infantil Jarabe - Frasco 125 ML;30.84
;
Cystone Tableta Recubierta;
;
Hep.52 Tabletas Recubiertas;15.4
;
Paltomiel Adulto Jarabe - Frasco 200 ML;
;
Abriflu 35mg/5ml Jarabe - Frasco 120 ML;175.9
;
Hiedratos 35mg/5ml Jarabe;
;
Antifaz y Tapones Protector Auditivo Atolls - Kit 1 UN;75.8
;
